search_keyword,company_name,title,url,crawled_at,location,experience,education,employment_type,description,tech_stack,location_detail,salary,deadline
HR매니저,(주)엠제이플렉스,[금요일 4시퇴근] HR사업본부 HR매니저(관리팀) 정규직 채용,https://www.saramin.co.kr/zf_user/jobs/relay/view?view_type=search&rec_idx=49478430&location=ts&searchword=HR%EB%A7%A4%EB%8B%88%EC%A0%80&searchType=search&paid_fl=n&search_uuid=9417a85f-00b0-4bd4-9c2e-63dec26b3edd,2024-12-09 04:40:43,서울,경력무관,학력무관,정규직,"(주)엠제이플렉스, [금요일 4시퇴근] HR사업본부 HR매니저(관리팀) 정규직 채용, 경력:경력무관, 학력:학력무관, 연봉:3,200 만원, 마감일:2024-12-27, 홈페이지:www.mjplex.co.kr","[""아웃소싱"", "" 서치펌"", "" 헤드헌팅"", "" 파견대행"", "" 인사·노무·HRD"", "" 기획·전략"", "" 영업·판매·무역"", "" 마케팅·홍보·조사"", "" 시설관리·경비·용역""]",서울 구로구,3200만원,2024-12-27
HR매니저,(주)엠제이플렉스,[금요일 4시퇴근] HR사업본부 HR매니저(채용팀) 정규직 채용,https://www.saramin.co.kr/zf_user/jobs/relay/view?view_type=search&rec_idx=49478394&location=ts&searchword=HR%EB%A7%A4%EB%8B%88%EC%A0%80&searchType=search&paid_fl=n&search_uuid=9417a85f-00b0-4bd4-9c2e-63dec26b3edd,2024-12-09 04:40:44,서울,경력무관,학력무관,정규직,"(주)엠제이플렉스, [금요일 4시퇴근] HR사업본부 HR매니저(채용팀) 정규직 채용, 경력:경력무관, 학력:학력무관, 연봉:3,200 만원, 마감일:2024-12-27, 홈페이지:www.mjplex.co.kr","[""아웃소싱"", "" 서치펌"", "" 헤드헌팅"", "" 파견대행"", "" 인사·노무·HRD"", "" 기획·전략"", "" 영업·판매·무역"", "" 마케팅·홍보·조사"", "" 시설관리·경비·용역""]",서울 구로구,3200만원,2024-12-27
HR매니저,(주)닥터다이어리,경영지원팀 HR매니저 채용,https://www.saramin.co.kr/zf_user/jobs/relay/view?view_type=search&rec_idx=49452623&location=ts&searchword=HR%EB%A7%A4%EB%8B%88%EC%A0%80&searchType=search&paid_fl=n&search_uuid=9417a85f-00b0-4bd4-9c2e-63dec26b3edd,2024-12-09 04:40:45,서울,경력2년↑,고졸↑,정규직,"(주)닥터다이어리, 경영지원팀 HR매니저 채용, 경력:경력 2년 이상, 학력:고등학교졸업이상, 면접 후 결정, 마감일:2024-12-21, 홈페이지:www.drdiary.co.kr","[""시각디자인"", "" 기획·전략"", "" 인사·노무·HRD"", "" 디자인·설계""]",서울 강남구,협의 후 결정,2024-12-21
HR매니저,월급쟁이부자들(주),HR매니저 (인턴),https://www.saramin.co.kr/zf_user/jobs/relay/view?view_type=search&rec_idx=49461697&location=ts&searchword=HR%EB%A7%A4%EB%8B%88%EC%A0%80&searchType=search&paid_fl=n&search_uuid=9417a85f-00b0-4bd4-9c2e-63dec26b3edd,2024-12-09 04:40:46,서울,경력무관,학력무관,정규직·인턴직,"월급쟁이부자들(주), HR매니저 (인턴), 경력:경력무관, 학력:학력무관, 면접 후 결정, 마감일:2024-12-15, 홈페이지:https://career.weolbu.com","[""직업전문학교"", "" 인사·노무·HRD"", "" 전문·기능학원""]",서울 서초구,협의 후 결정,2024-12-15
HR매니저,에이피써치,HR매니저 실무 인사전반 HRM 외국계화학회사,https://www.saramin.co.kr/zf_user/jobs/relay/view?view_type=search&rec_idx=49460061&location=ts&searchword=HR%EB%A7%A4%EB%8B%88%EC%A0%80&searchType=search&paid_fl=n&search_uuid=9417a85f-00b0-4bd4-9c2e-63dec26b3edd,2024-12-09 04:40:47,서울,경력10년↑,대졸↑,정규직,"에이피써치, HR매니저 실무 인사전반 HRM 외국계화학회사, 경력:경력 10년 이상, 학력:대학교졸업(4년)이상, 면접 후 결정, 마감일:2024-12-10, 홈페이지:www.apsearch.co.kr","[""헤드헌팅"", "" 인사·노무·HRD"", "" 시설관리·경비·용역""]",서울 강남구,협의 후 결정,2024-12-10
HR매니저,트리플콤마(주),HR 매니저,https://www.saramin.co.kr/zf_user/jobs/relay/view?view_type=search&rec_idx=49316618&location=ts&searchword=HR%EB%A7%A4%EB%8B%88%EC%A0%80&searchType=search&paid_fl=n&search_uuid=9417a85f-00b0-4bd4-9c2e-63dec26b3edd,2024-12-09 04:40:48,서울,신입·경력,대졸↑,정규직,"트리플콤마(주), HR 매니저, 경력:신입/경력, 학력:대학교졸업(4년)이상, 면접 후 결정, 마감일:2024-12-31, 홈페이지:http://goldspoon.co","[""커뮤니티"", "" 인사·노무·HRD"", "" 총무·법무·사무"", "" 포털·인터넷·컨텐츠""]",서울 강남구,협의 후 결정,2024-12-31
HR매니저,(주)마루에이치알,[영등포/문래] 마루HR 본사 잡매니저 정규직 신입/경력 채용,https://www.saramin.co.kr/zf_user/jobs/relay/view?view_type=search&rec_idx=49393090&location=ts&searchword=HR%EB%A7%A4%EB%8B%88%EC%A0%80&searchType=search&paid_fl=n&search_uuid=9417a85f-00b0-4bd4-9c2e-63dec26b3edd,2024-12-09 04:40:49,서울,경력무관,학력무관,정규직,"(주)마루에이치알, [영등포/문래] 마루HR 본사 잡매니저 정규직 신입/경력 채용, 경력:경력무관, 학력:학력무관, 면접 후 결정, 마감일:2024-12-13, 홈페이지:www.mrhr.co.kr","[""아웃소싱"", "" 서치펌"", "" 헤드헌팅"", "" 파견대행"", "" 인사·노무·HRD"", "" 시설관리·경비·용역""]",서울 영등포구,협의 후 결정,2024-12-13
HR매니저,(주)마루에이치알,[영등포/문래] 마루HR 본사 경력직 잡매니저 채용,https://www.saramin.co.kr/zf_user/jobs/relay/view?view_type=search&rec_idx=49521932&location=ts&searchword=HR%EB%A7%A4%EB%8B%88%EC%A0%80&searchType=search&paid_fl=n&search_uuid=9417a85f-00b0-4bd4-9c2e-63dec26b3edd,2024-12-09 04:40:50,서울,경력 2~10년,학력무관,정규직,"(주)마루에이치알, [영등포/문래] 마루HR 본사 경력직 잡매니저 채용, 경력:경력 2~10년, 학력:학력무관, 면접 후 결정, 마감일:2025-01-02, 홈페이지:www.mrhr.co.kr","[""아웃소싱"", "" 서치펌"", "" 헤드헌팅"", "" 파견대행"", "" 인사·노무·HRD"", "" 시설관리·경비·용역""]",서울 영등포구,협의 후 결정,2025-01-02
HR매니저,스탭스(주),[스탭스(주) 본사]HR사업지원본부 잡매니저 채용(경력),https://www.saramin.co.kr/zf_user/jobs/relay/view?view_type=search&rec_idx=49437796&location=ts&searchword=HR%EB%A7%A4%EB%8B%88%EC%A0%80&searchType=search&paid_fl=n&search_uuid=9417a85f-00b0-4bd4-9c2e-63dec26b3edd,2024-12-09 04:40:51,서울,경력1년↑,초대졸↑,정규직,"스탭스(주), [스탭스(주) 본사]HR사업지원본부 잡매니저 채용(경력), 경력:경력 1년 이상, 학력:대학졸업(2,3년)이상, 면접 후 결정, 마감일:2024-12-20, 홈페이지:www.staffs.co.kr","[""아웃소싱"", "" 헤드헌팅"", "" 파견대행"", "" 총무·법무·사무"", "" 인사·노무·HRD"", "" 고객상담·TM"", "" 시설관리·경비·용역""]",서울 중구,협의 후 결정,2024-12-20
HR매니저,(주)잡위드,[역삼동/HR전문기업] 잡매니저(인사노무관리) 관리자 모집,https://www.saramin.co.kr/zf_user/jobs/relay/view?view_type=search&rec_idx=49531036&location=ts&searchword=HR%EB%A7%A4%EB%8B%88%EC%A0%80&searchType=search&paid_fl=n&search_uuid=9417a85f-00b0-4bd4-9c2e-63dec26b3edd,2024-12-09 04:40:52,서울,경력무관,초대졸↑,정규직,"(주)잡위드, [역삼동/HR전문기업] 잡매니저(인사노무관리) 관리자 모집, 경력:경력무관, 학력:대학졸업(2,3년)이상, 면접 후 결정, 마감일:2025-01-04, 홈페이지:www.jobwith.co.kr","[""아웃소싱"", "" 인사·노무·HRD"", "" 시설관리·경비·용역""]",서울 강남구,협의 후 결정,2025-01-04
HR매니저,동호에이치알(주),[학동역/연봉협의] 동호HR 잡매니저 (신입/경력) 정규직 채용,https://www.saramin.co.kr/zf_user/jobs/relay/view?view_type=search&rec_idx=49388411&location=ts&searchword=HR%EB%A7%A4%EB%8B%88%EC%A0%80&searchType=search&paid_fl=n&search_uuid=9417a85f-00b0-4bd4-9c2e-63dec26b3edd,2024-12-09 04:40:53,서울,경력무관,초대졸↑,정규직,"동호에이치알(주), [학동역/연봉협의] 동호HR 잡매니저 (신입/경력) 정규직 채용, 경력:경력무관, 학력:대학졸업(2,3년)이상, 면접 후 결정, 마감일:2024-12-12, 홈페이지:","[""용역업체"", "" 아웃소싱"", "" 서치펌"", "" 헤드헌팅"", "" 파견대행"", "" 인사·노무·HRD"", "" 총무·법무·사무"", "" 고객상담·TM"", "" 시설관리·경비·용역""]",서울 강남구,[학동역/협의]동호HR잡매니저(신입/경력)정규직채용,2024-12-12
HR매니저,(주)코리아인에이치알,HR팀 잡매니저 신입/경력 채용,https://www.saramin.co.kr/zf_user/jobs/relay/view?view_type=search&rec_idx=49419216&location=ts&searchword=HR%EB%A7%A4%EB%8B%88%EC%A0%80&searchType=search&paid_fl=n&search_uuid=9417a85f-00b0-4bd4-9c2e-63dec26b3edd,2024-12-09 04:40:54,서울,경력무관,고졸↑,정규직,"(주)코리아인에이치알, HR팀 잡매니저 신입/경력 채용, 경력:경력무관, 학력:고등학교졸업이상, 면접 후 결정, 마감일:2024-12-15, 홈페이지:www.korea-in.co.kr","[""아웃소싱"", "" 서치펌"", "" 헤드헌팅"", "" 파견대행"", "" 기획·전략"", "" 회계·세무·재무"", "" 인사·노무·HRD"", "" 총무·법무·사무"", "" 고객상담·TM"", "" 시설관리·경비·용역""]",서울 금천구,협의 후 결정,2024-12-15
HR매니저,(주)우림엠에스,[영등포구청] 본사HR 잡매니저 정규직 채용 / 사원~대리,https://www.saramin.co.kr/zf_user/jobs/relay/view?view_type=search&rec_idx=49526497&location=ts&searchword=HR%EB%A7%A4%EB%8B%88%EC%A0%80&searchType=search&paid_fl=n&search_uuid=9417a85f-00b0-4bd4-9c2e-63dec26b3edd,2024-12-09 04:40:55,서울,경력무관,초대졸↑,정규직,"(주)우림엠에스, [영등포구청] 본사HR 잡매니저 정규직 채용 / 사원~대리, 경력:경력무관, 학력:대학졸업(2,3년)이상, 면접 후 결정, 마감일:2025-01-03, 홈페이지:http://www.woo-lim.co.kr","[""아웃소싱"", "" 인사·노무·HRD"", "" 시설관리·경비·용역""]",서울 영등포구,협의 후 결정,2025-01-03
HR매니저,(주)투비파트너즈,(가전 및 생활용품 기업) HR 매니저(미국 현지법인) 담당,https://www.saramin.co.kr/zf_user/jobs/relay/view?view_type=search&rec_idx=49517381&location=ts&searchword=HR%EB%A7%A4%EB%8B%88%EC%A0%80&searchType=search&paid_fl=n&search_uuid=9417a85f-00b0-4bd4-9c2e-63dec26b3edd,2024-12-09 04:40:56,미국,경력7년↑,대졸↑,정규직,"(주)투비파트너즈, (가전 및 생활용품 기업) HR 매니저(미국 현지법인) 담당, 경력:경력 7년 이상, 학력:대학교졸업(4년)이상, 면접 후 결정, 마감일:2024-12-11, 홈페이지:tbps.co.kr","[""헤드헌팅"", "" 인사·노무·HRD"", "" 시설관리·경비·용역""]",미국,협의 후 결정,2024-12-11
HR매니저,세무법인프라이어,HR(인사/총무) 매니저 채용,https://www.saramin.co.kr/zf_user/jobs/relay/view?view_type=search&rec_idx=49233016&location=ts&searchword=HR%EB%A7%A4%EB%8B%88%EC%A0%80&searchType=search&paid_fl=n&search_uuid=9417a85f-00b0-4bd4-9c2e-63dec26b3edd,2024-12-09 04:40:57,서울,경력5년↑,대졸↑,정규직,"세무법인프라이어, HR(인사/총무) 매니저 채용, 경력:경력 5년 이상, 학력:대학교졸업(4년)이상, 면접 후 결정, 마감일:2024-12-18, 홈페이지:prior.co.kr","[""세무법인"", "" 인사·노무·HRD"", "" 총무·법무·사무"", "" 세무·회계""]",서울 강남구,협의 후 결정,2024-12-18
HR매니저,(주)미밍,HR 매니저 채용(경력),https://www.saramin.co.kr/zf_user/jobs/relay/view?view_type=search&rec_idx=49402845&location=ts&searchword=HR%EB%A7%A4%EB%8B%88%EC%A0%80&searchType=search&paid_fl=n&search_uuid=9417a85f-00b0-4bd4-9c2e-63dec26b3edd,2024-12-09 04:40:58,서울,경력 2~7년,고졸↑,정규직,"(주)미밍, HR 매니저 채용(경력), 경력:경력 2~7년, 학력:고등학교졸업이상, 면접 후 결정, 마감일:2024-12-13, 홈페이지:www.miming.kr","["""", "" 회계·세무·재무"", "" 인사·노무·HRD"", "" 판매(상품품목별)""]",서울 서초구,협의 후 결정,2024-12-13
HR매니저,캐리랩,[피부과 상담실장 or 총괄실장 출신 환영] 병원 HR 매니저 채용,https://www.saramin.co.kr/zf_user/jobs/relay/view?view_type=search&rec_idx=49439136&location=ts&searchword=HR%EB%A7%A4%EB%8B%88%EC%A0%80&searchType=search&paid_fl=n&search_uuid=9417a85f-00b0-4bd4-9c2e-63dec26b3edd,2024-12-09 04:40:59,서울,경력2년↑,학력무관,정규직,"캐리랩, [피부과 상담실장 or 총괄실장 출신 환영] 병원 HR 매니저 채용, 경력:경력 2년 이상, 학력:학력무관, 면접 후 결정, 마감일:채용시, 홈페이지:","[""광고대행사"", "" 인사·노무·HRD"", "" 광고·홍보·전시""]",서울 서초구,협의 후 결정,채용시
HR매니저,다음컴퍼니,HR 아웃소싱 잡매니저 영업관리팀 사원 모집,https://www.saramin.co.kr/zf_user/jobs/relay/view?view_type=search&rec_idx=49402815&location=ts&searchword=HR%EB%A7%A4%EB%8B%88%EC%A0%80&searchType=search&paid_fl=n&search_uuid=9417a85f-00b0-4bd4-9c2e-63dec26b3edd,2024-12-09 04:41:00,경기,경력무관,고졸↑,정규직,"다음컴퍼니, HR 아웃소싱 잡매니저 영업관리팀 사원 모집, 경력:경력무관, 학력:고등학교졸업이상, 연봉:3,800 만원, 마감일:채용시, 홈페이지:","[""아웃소싱"", "" 헤드헌팅"", "" 파견대행"", "" 인사·노무·HRD"", "" 시설관리·경비·용역""]",경기 오산시,3800만원,채용시
HR매니저,굿커리어,[외국계 기업] 인사 HR C&B 매니저 채용,https://www.saramin.co.kr/zf_user/jobs/relay/view?view_type=search&rec_idx=49463303&location=ts&searchword=HR%EB%A7%A4%EB%8B%88%EC%A0%80&searchType=search&paid_fl=n&search_uuid=9417a85f-00b0-4bd4-9c2e-63dec26b3edd,2024-12-09 04:41:01,서울,경력 9~20년,대졸↑,정규직,"굿커리어, [외국계 기업] 인사 HR C&B 매니저 채용, 경력:경력 9~20년, 학력:대학교졸업(4년)이상, 면접 후 결정, 마감일:2024-12-10, 홈페이지:www.goodcareer.co.kr","[""의류·의상"", "" 패션"", "" 남성의류"", "" 여성의류"", "" 유아의류"", "" 인사·노무·HRD"", "" 섬유·의류·패션""]",서울 강남구,협의 후 결정,2024-12-10
HR매니저,(주)하이스트컨설팅그룹,고속성장 중인 디지털 커머스기업 HR 매니저 채용,https://www.saramin.co.kr/zf_user/jobs/relay/view?view_type=search&rec_idx=49521709&location=ts&searchword=HR%EB%A7%A4%EB%8B%88%EC%A0%80&searchType=search&paid_fl=n&search_uuid=9417a85f-00b0-4bd4-9c2e-63dec26b3edd,2024-12-09 04:41:02,서울,경력7년↑,대졸↑,정규직·계약직,"(주)하이스트컨설팅그룹, 고속성장 중인 디지털 커머스기업 HR 매니저 채용, 경력:경력 7년 이상, 학력:대학교졸업(4년)이상, 면접 후 결정, 마감일:2024-12-18, 홈페이지:highestconsulting.com/","[""홍보대행사"", "" 인사·노무·HRD"", "" 광고·홍보·전시""]",서울 구로구,협의 후 결정,2024-12-18
HR매니저,(주)인플루디오,[포카마켓] HR/총무 파트 매니저,https://www.saramin.co.kr/zf_user/jobs/relay/view?view_type=search&rec_idx=49534750&location=ts&searchword=HR%EB%A7%A4%EB%8B%88%EC%A0%80&searchType=search&paid_fl=n&search_uuid=9417a85f-00b0-4bd4-9c2e-63dec26b3edd,2024-12-09 04:41:03,서울,경력무관,학력무관,정규직,"(주)인플루디오, [포카마켓] HR/총무 파트 매니저, 경력:경력무관, 학력:학력무관, 면접 후 결정, 마감일:채용시, 홈페이지:infludeo.com","[""종합포털"", "" 총무·법무·사무"", "" 포털·인터넷·컨텐츠""]",서울 마포구,협의 후 결정,채용시
HR매니저,(주)씨아이템프러리,문래역-씨아이템프러리 본사 잡매니저(HR팀) 채용,https://www.saramin.co.kr/zf_user/jobs/relay/view?view_type=search&rec_idx=49411657&location=ts&searchword=HR%EB%A7%A4%EB%8B%88%EC%A0%80&searchType=search&paid_fl=n&search_uuid=9417a85f-00b0-4bd4-9c2e-63dec26b3edd,2024-12-09 04:41:08,서울,신입,학력무관,정규직,"(주)씨아이템프러리, 문래역-씨아이템프러리 본사 잡매니저(HR팀) 채용, 경력:신입, 학력:학력무관, 면접 후 결정, 마감일:2024-12-15, 홈페이지:www.citemp.co.kr","[""아웃소싱"", "" 서치펌"", "" 헤드헌팅"", "" 파견대행"", "" 총무·법무·사무"", "" 인사·노무·HRD"", "" 시설관리·경비·용역""]",서울 영등포구,협의 후 결정,2024-12-15
HR매니저,(주)씨아이템프러리,[정규직/문래역] 씨아이템프러리 본사 잡매니저(HR팀) 채용,https://www.saramin.co.kr/zf_user/jobs/relay/view?view_type=search&rec_idx=49440476&location=ts&searchword=HR%EB%A7%A4%EB%8B%88%EC%A0%80&searchType=search&paid_fl=n&search_uuid=9417a85f-00b0-4bd4-9c2e-63dec26b3edd,2024-12-09 04:41:09,서울,신입,학력무관,정규직,"(주)씨아이템프러리, [정규직/문래역] 씨아이템프러리 본사 잡매니저(HR팀) 채용, 경력:신입, 학력:학력무관, 면접 후 결정, 마감일:2024-12-20, 홈페이지:www.citemp.co.kr","[""아웃소싱"", "" 서치펌"", "" 헤드헌팅"", "" 파견대행"", "" 총무·법무·사무"", "" 인사·노무·HRD"", "" 시설관리·경비·용역""]",서울 영등포구,협의 후 결정,2024-12-20
HR매니저,(주)씨아이템프러리,[정규직] 씨아이템프러리 본사 잡매니저(HR팀/인사/채용) 모집,https://www.saramin.co.kr/zf_user/jobs/relay/view?view_type=search&rec_idx=49453032&location=ts&searchword=HR%EB%A7%A4%EB%8B%88%EC%A0%80&searchType=search&paid_fl=n&search_uuid=9417a85f-00b0-4bd4-9c2e-63dec26b3edd,2024-12-09 04:41:10,서울,신입,학력무관,정규직,"(주)씨아이템프러리, [정규직] 씨아이템프러리 본사 잡매니저(HR팀/인사/채용) 모집, 경력:신입, 학력:학력무관, 면접 후 결정, 마감일:2024-12-22, 홈페이지:www.citemp.co.kr","[""아웃소싱"", "" 서치펌"", "" 헤드헌팅"", "" 파견대행"", "" 총무·법무·사무"", "" 인사·노무·HRD"", "" 시설관리·경비·용역""]",서울 영등포구,협의 후 결정,2024-12-22
HR매니저,(주)인퍼블릭,[군포/3400만] 인퍼블릭 본사 아웃소싱 잡매니저 (HR인사) 채용,https://www.saramin.co.kr/zf_user/jobs/relay/view?view_type=search&rec_idx=49404590&location=ts&searchword=HR%EB%A7%A4%EB%8B%88%EC%A0%80&searchType=search&paid_fl=n&search_uuid=9417a85f-00b0-4bd4-9c2e-63dec26b3edd,2024-12-09 04:41:11,경기,경력무관,학력무관,정규직,"(주)인퍼블릭, [군포/3400만] 인퍼블릭 본사 아웃소싱 잡매니저 (HR인사) 채용, 경력:경력무관, 학력:학력무관, 연봉:3,400 만원, 마감일:2024-12-14, 홈페이지:https://inpublic.kr","[""아웃소싱"", "" 인사·노무·HRD"", "" 총무·법무·사무"", "" 시설관리·경비·용역""]",경기 군포시,3400만원,2024-12-14
HR매니저,(주)아데코코리아,[외국계 데이터센터] HR Manager,https://www.saramin.co.kr/zf_user/jobs/relay/view?view_type=search&rec_idx=49535151&location=ts&searchword=HR%EB%A7%A4%EB%8B%88%EC%A0%80&searchType=search&paid_fl=n&search_uuid=9417a85f-00b0-4bd4-9c2e-63dec26b3edd,2024-12-09 04:41:12,서울,경력6년↑,대졸↑,정규직,"(주)아데코코리아, [외국계 데이터센터] HR Manager, 경력:경력 6년 이상, 학력:대학교졸업(4년)이상, 면접 후 결정, 마감일:2024-12-20, 홈페이지:www.adecco.co.kr","[""의류매장"", "" 잡화매장"", "" 구두·신발"", "" 인사·노무·HRD"", "" 판매(상품품목별)""]",서울 강남구,협의 후 결정,2024-12-20
HR매니저,(주)맨파워코리아,[경북 경주] 외국계 HR Manager 차부장급,https://www.saramin.co.kr/zf_user/jobs/relay/view?view_type=search&rec_idx=49498270&location=ts&searchword=HR%EB%A7%A4%EB%8B%88%EC%A0%80&searchType=search&paid_fl=n&search_uuid=9417a85f-00b0-4bd4-9c2e-63dec26b3edd,2024-12-09 04:41:13,경북,경력10년↑,학력무관,정규직,"(주)맨파워코리아, [경북 경주] 외국계 HR Manager 차부장급, 경력:경력 10년 이상, 학력:학력무관, 연봉:9,000 만원, 마감일:채용시, 홈페이지:www.manpower.co.kr","[""자동차부품"", "" 인사·노무·HRD"", "" 기계·설비·자동차""]",경북 경주시,9000만원,채용시
HR매니저,주식회사 윌로그,[윌로그] 인사기획/조직문화(HR Manager) 담당자 채용,https://www.saramin.co.kr/zf_user/jobs/relay/view?view_type=search&rec_idx=49367626&location=ts&searchword=HR%EB%A7%A4%EB%8B%88%EC%A0%80&searchType=search&paid_fl=n&search_uuid=9417a85f-00b0-4bd4-9c2e-63dec26b3edd,2024-12-09 04:41:13,서울,경력 1~5년,학력무관,정규직,"주식회사 윌로그, [윌로그] 인사기획/조직문화(HR Manager) 담당자 채용, 경력:경력 1~5년, 학력:학력무관, 면접 후 결정, 마감일:2025-01-07, 홈페이지:willog.io/Home/Index","[""소프트웨어개발"", "" 인사·노무·HRD"", "" 총무·법무·사무"", "" 기획·전략"", "" 솔루션·SI·ERP·CRM""]",서울 강남구,협의 후 결정,2025-01-07
HR매니저,(주)이큐브랩,Global HR Manager (경력무관) [Haulla],https://www.saramin.co.kr/zf_user/jobs/relay/view?view_type=search&rec_idx=49426208&location=ts&searchword=HR%EB%A7%A4%EB%8B%88%EC%A0%80&searchType=search&paid_fl=n&search_uuid=9417a85f-00b0-4bd4-9c2e-63dec26b3edd,2024-12-09 04:41:14,서울,신입·경력,대졸↑,정규직,"(주)이큐브랩, Global HR Manager (경력무관) [Haulla], 경력:신입/경력, 학력:대학교졸업(4년)이상, 면접 후 결정, 마감일:2024-12-18, 홈페이지:http://www.ecubelabs.com","[""기계"", "" 인사·노무·HRD"", "" 기계·설비·자동차""]",서울 구로구,협의 후 결정,2024-12-18
HR매니저,아이헤이트플라잉버그스(주),HR Manager(경력) 채용,https://www.saramin.co.kr/zf_user/jobs/relay/view?view_type=search&rec_idx=49356679&location=ts&searchword=HR%EB%A7%A4%EB%8B%88%EC%A0%80&searchType=search&paid_fl=n&search_uuid=9417a85f-00b0-4bd4-9c2e-63dec26b3edd,2024-12-09 04:41:15,서울,경력 3~5년,대졸↑,정규직·계약직,"아이헤이트플라잉버그스(주), HR Manager(경력) 채용, 경력:경력 3~5년, 학력:대학교졸업(4년)이상, 면접 후 결정, 마감일:2025-01-06, 홈페이지:https://careers.mildang.kr/","[""인터넷교육"", "" 인사·노무·HRD"", "" 총무·법무·사무"", "" 포털·인터넷·컨텐츠""]",서울 영등포구,협의 후 결정,2025-01-06
HR매니저,(주)아이랩스코리아,[(주)아이랩스코리아] HR Manager 채용,https://www.saramin.co.kr/zf_user/jobs/relay/view?view_type=search&rec_idx=49401887&location=ts&searchword=HR%EB%A7%A4%EB%8B%88%EC%A0%80&searchType=search&paid_fl=n&search_uuid=9417a85f-00b0-4bd4-9c2e-63dec26b3edd,2024-12-09 04:41:17,서울,경력10년↑,초대졸↑,정규직,"(주)아이랩스코리아, [(주)아이랩스코리아] HR Manager 채용, 경력:경력 10년 이상, 학력:대학졸업(2,3년)이상, 면접 후 결정, 마감일:2024-12-14, 홈페이지:www.ilabskorea.com","[""화장품"", "" 인사·노무·HRD"", "" 화장품·뷰티""]",서울 강남구,협의 후 결정,2024-12-14
HR매니저,(주)휴머스온,[휴머스온] HR Manager,https://www.saramin.co.kr/zf_user/jobs/relay/view?view_type=search&rec_idx=49532914&location=ts&searchword=HR%EB%A7%A4%EB%8B%88%EC%A0%80&searchType=search&paid_fl=n&search_uuid=9417a85f-00b0-4bd4-9c2e-63dec26b3edd,2024-12-09 04:41:18,서울,경력 5~12년,대졸↑,정규직,"(주)휴머스온, [휴머스온] HR Manager, 경력:경력 5~12년, 학력:대학교졸업(4년)이상, 면접 후 결정, 마감일:상시채용, 홈페이지:www.humuson.com","[""솔루션업체"", "" 소프트웨어개발"", "" 인사·노무·HRD"", "" 총무·법무·사무"", "" 솔루션·SI·ERP·CRM""]",서울 강남구,협의 후 결정,상시채용
HR매니저,(주)에이아이트릭스,HR Manager (조직문화 담당자),https://www.saramin.co.kr/zf_user/jobs/relay/view?view_type=search&rec_idx=49479167&location=ts&searchword=HR%EB%A7%A4%EB%8B%88%EC%A0%80&searchType=search&paid_fl=n&search_uuid=9417a85f-00b0-4bd4-9c2e-63dec26b3edd,2024-12-09 04:41:19,서울,경력5년↑,학력무관,정규직,"(주)에이아이트릭스, HR Manager (조직문화 담당자), 경력:경력 5년 이상, 학력:학력무관, 면접 후 결정, 마감일:2024-12-15, 홈페이지:www.aitrics.com","[""소프트웨어개발"", "" 기획·전략"", "" 인사·노무·HRD"", "" 총무·법무·사무"", "" 솔루션·SI·ERP·CRM""]",서울 강남구,협의 후 결정,2024-12-15
HR매니저,캘리버글로벌서치 유한회사,글로벌 대기업-HR Manager(인사),https://www.saramin.co.kr/zf_user/jobs/relay/view?view_type=search&rec_idx=49534535&location=ts&searchword=HR%EB%A7%A4%EB%8B%88%EC%A0%80&searchType=search&paid_fl=n&search_uuid=9417a85f-00b0-4bd4-9c2e-63dec26b3edd,2024-12-09 04:41:20,서울,경력3년↑,대졸↑,정규직,"캘리버글로벌서치 유한회사, 글로벌 대기업-HR Manager(인사), 경력:경력 3년 이상, 학력:대학교졸업(4년)이상, 면접 후 결정, 마감일:채용시, 홈페이지:www.calibreba.com.au","[""회계법인"", "" 인사·노무·HRD"", "" 기획·전략"", "" 세무·회계""]",서울 서초구,협의 후 결정,채용시
HR매니저,주식회사라피플코리아리미티드,외국계 HR manager,https://www.saramin.co.kr/zf_user/jobs/relay/view?view_type=search&rec_idx=49468404&location=ts&searchword=HR%EB%A7%A4%EB%8B%88%EC%A0%80&searchType=search&paid_fl=n&search_uuid=9417a85f-00b0-4bd4-9c2e-63dec26b3edd,2024-12-09 04:41:21,경북,경력15년↑,대졸↑,정규직,"주식회사라피플코리아리미티드, 외국계 HR manager, 경력:경력 15년 이상, 학력:대학교졸업(4년)이상, 면접 후 결정, 마감일:2024-12-10, 홈페이지:lapeoplekorea.com","[""자동차부품"", "" 인사·노무·HRD"", "" 기계·설비·자동차""]",경북 경주시,협의 후 결정,2024-12-10
HR매니저,헌터파트너스(주),Payroll Manager 채용 - Global HR consulting,https://www.saramin.co.kr/zf_user/jobs/relay/view?view_type=search&rec_idx=49547828&location=ts&searchword=HR%EB%A7%A4%EB%8B%88%EC%A0%80&searchType=search&paid_fl=n&search_uuid=9417a85f-00b0-4bd4-9c2e-63dec26b3edd,2024-12-09 04:41:22,서울,경력7년↑,대졸↑,정규직,"헌터파트너스(주), Payroll Manager 채용 - Global HR consulting, 경력:경력 7년 이상, 학력:대학교졸업(4년)이상, 면접 후 결정, 마감일:채용시, 홈페이지:www.hpartners.co.kr/","[""컨설팅"", "" 인사·노무·HRD"", "" 연구소·컨설팅·조사""]",서울 강남구,협의 후 결정,채용시
HR매니저,더블유피아이씨디지털코리아유한회사(WPICDigitalKoreaLtd.),HR & GA Manager,https://www.saramin.co.kr/zf_user/jobs/relay/view?view_type=search&rec_idx=49492073&location=ts&searchword=HR%EB%A7%A4%EB%8B%88%EC%A0%80&searchType=search&paid_fl=n&search_uuid=9417a85f-00b0-4bd4-9c2e-63dec26b3edd,2024-12-09 04:41:23,서울,경력 5~6년,대졸↑,정규직,"더블유피아이씨디지털코리아유한회사(WPICDigitalKoreaLtd.), HR & GA Manager, 경력:경력 5~6년, 학력:대학교졸업(4년)이상, 면접 후 결정, 마감일:2024-12-29, 홈페이지:","[""유통업"", "" 물류업"", "" 인사·노무·HRD"", "" 유통·무역·상사""]",서울 중구,협의 후 결정,2024-12-29
HR매니저,HeNny & McCoy,HR Manager (차~부장급) - 외국계 유명 회사,https://www.saramin.co.kr/zf_user/jobs/relay/view?view_type=search&rec_idx=49497534&location=ts&searchword=HR%EB%A7%A4%EB%8B%88%EC%A0%80&searchType=search&paid_fl=n&search_uuid=9417a85f-00b0-4bd4-9c2e-63dec26b3edd,2024-12-09 04:41:24,서울,경력8년↑,대졸↑,정규직,"HeNny & McCoy, HR Manager (차~부장급) - 외국계 유명 회사, 경력:경력 8년 이상, 학력:대학교졸업(4년)이상, 면접 후 결정, 마감일:2024-12-29, 홈페이지:http://www.hennymccoy.com","[""헤드헌팅"", "" 인사·노무·HRD"", "" 기획·전략"", "" 시설관리·경비·용역""]",서울 강남구,협의 후 결정,2024-12-29
HR매니저,커리어앤솔루션,글로벌 외국계 기업 HR Manager,https://www.saramin.co.kr/zf_user/jobs/relay/view?view_type=search&rec_idx=49537309&location=ts&searchword=HR%EB%A7%A4%EB%8B%88%EC%A0%80&searchType=search&paid_fl=n&search_uuid=9417a85f-00b0-4bd4-9c2e-63dec26b3edd,2024-12-09 04:41:25,서울,경력 5~10년,대졸↑,정규직,"커리어앤솔루션, 글로벌 외국계 기업 HR Manager, 경력:경력 5~10년, 학력:대학교졸업(4년)이상, 면접 후 결정, 마감일:2024-12-11, 홈페이지:","[""헤드헌팅"", "" 인사·노무·HRD"", "" 시설관리·경비·용역""]",서울 강남구,협의 후 결정,2024-12-11
HR매니저,HeNny & McCoy,외국계 자동차부품사 HR Manager (팀장),https://www.saramin.co.kr/zf_user/jobs/relay/view?view_type=search&rec_idx=49540386&location=ts&searchword=HR%EB%A7%A4%EB%8B%88%EC%A0%80&searchType=search&paid_fl=n&search_uuid=9417a85f-00b0-4bd4-9c2e-63dec26b3edd,2024-12-09 04:41:26,서울,경력13년↑,대졸↑,정규직,"HeNny & McCoy, 외국계 자동차부품사 HR Manager (팀장), 경력:경력 13년 이상, 학력:대학교졸업(4년)이상, 면접 후 결정, 마감일:2025-01-05, 홈페이지:http://www.hennymccoy.com","[""자동차부품"", "" 총무·법무·사무"", "" 인사·노무·HRD"", "" 기계·설비·자동차""]",서울 강남구,협의 후 결정,2025-01-05
HR매니저,굿커리어,대기업계열 HR Manager (대리~부장),https://www.saramin.co.kr/zf_user/jobs/relay/view?view_type=search&rec_idx=49531445&location=ts&searchword=HR%EB%A7%A4%EB%8B%88%EC%A0%80&searchType=search&paid_fl=n&search_uuid=31bd1cd6-c977-48ea-8006-0565966a447e,2024-12-09 04:41:28,서울,경력5년↑,대졸↑,정규직,"굿커리어, 대기업계열 HR Manager (대리~부장), 경력:경력 5년 이상, 학력:대학교졸업(4년)이상, 면접 후 결정, 마감일:2025-01-04, 홈페이지:www.goodcareer.co.kr","[""헤드헌팅"", "" 인사·노무·HRD"", "" 총무·법무·사무"", "" 회계·세무·재무"", "" 시설관리·경비·용역""]",서울 강남구,협의 후 결정,2025-01-04
HR매니저,(주)에이치알스탠다드,(주)에이치알스탠다드 콜센터 운영 매니저(Operation Manager),https://www.saramin.co.kr/zf_user/jobs/relay/view?view_type=search&rec_idx=49440744&location=ts&searchword=HR%EB%A7%A4%EB%8B%88%EC%A0%80&searchType=search&paid_fl=n&search_uuid=31bd1cd6-c977-48ea-8006-0565966a447e,2024-12-09 04:41:29,서울,경력,대졸↑,정규직,"(주)에이치알스탠다드, (주)에이치알스탠다드 콜센터 운영 매니저(Operation Manager), 경력:경력, 학력:대학교졸업(4년)이상, 연봉:4,000 만원, 마감일:2024-12-20, 홈페이지:https://www.hrstandard.co.kr/","[""컨설팅"", "" 기획·전략"", "" 연구소·컨설팅·조사""]",서울 종로구,4000만원,2024-12-20
HR매니저,(주)엠제이플렉스,[중견기업/코스메틱/외국계] 코세코리아 면세어드민 채용,https://www.saramin.co.kr/zf_user/jobs/relay/view?view_type=search&rec_idx=49399837&location=ts&searchword=HR%EB%A7%A4%EB%8B%88%EC%A0%80&searchType=search&paid_fl=n&search_uuid=31bd1cd6-c977-48ea-8006-0565966a447e,2024-12-09 04:41:30,서울,경력1년↑,대졸↑,파견직,"(주)엠제이플렉스, [중견기업/코스메틱/외국계] 코세코리아 면세어드민 채용, 경력:경력 1년 이상, 학력:대학교졸업(4년)이상, 연봉:4,200 만원, 마감일:2024-12-14, 홈페이지:www.mjplex.co.kr","[""파견대행"", "" 영업·판매·무역"", "" 상품기획·MD"", "" 서비스"", "" 기획·전략"", "" 마케팅·홍보·조사"", "" 시설관리·경비·용역""]",서울 강남구,4200만원,2024-12-14
HR매니저,(주)엠제이플렉스,[(주)시몬스/전국매장] 슬립마스터(판매직) 대규모 채용(정규직),https://www.saramin.co.kr/zf_user/jobs/relay/view?view_type=search&rec_idx=49455925&location=ts&searchword=HR%EB%A7%A4%EB%8B%88%EC%A0%80&searchType=search&paid_fl=n&search_uuid=31bd1cd6-c977-48ea-8006-0565966a447e,2024-12-09 04:41:31,서울,경력무관,학력무관,정규직,"(주)엠제이플렉스, [(주)시몬스/전국매장] 슬립마스터(판매직) 대규모 채용(정규직), 경력:경력무관, 학력:학력무관, 연봉:3,000 만원, 마감일:상시채용, 홈페이지:www.mjplex.co.kr","[""파견대행"", "" 영업·판매·무역"", "" 상품기획·MD"", "" 시설관리·경비·용역""]",서울 강남구,3000만원,상시채용
HR매니저,(주)엠제이플렉스,[당진/JW계열사/대기업/243만/중식제공] 대표이사 비서 채용,https://www.saramin.co.kr/zf_user/jobs/relay/view?view_type=search&rec_idx=49523179&location=ts&searchword=HR%EB%A7%A4%EB%8B%88%EC%A0%80&searchType=search&paid_fl=n&search_uuid=31bd1cd6-c977-48ea-8006-0565966a447e,2024-12-09 04:41:31,충남,경력무관,초대졸↑,파견직 (정규직 전환가능)·파견직,"(주)엠제이플렉스, [당진/JW계열사/대기업/243만/중식제공] 대표이사 비서 채용, 경력:경력무관, 학력:대학졸업(2,3년)이상, 월급:243 만원, 마감일:2024-12-12, 홈페이지:www.mjplex.co.kr","[""파견대행"", "" 총무·법무·사무"", "" 회계·세무·재무"", "" 인사·노무·HRD"", "" 시설관리·경비·용역""]",충남 당진시,월급243만원,2024-12-12
HR매니저,(주)엠제이플렉스,[삼성역/중견기업/자체직] 코세코리아 상품관리 담당 채용,https://www.saramin.co.kr/zf_user/jobs/relay/view?view_type=search&rec_idx=49533714&location=ts&searchword=HR%EB%A7%A4%EB%8B%88%EC%A0%80&searchType=search&paid_fl=n&search_uuid=31bd1cd6-c977-48ea-8006-0565966a447e,2024-12-09 04:41:33,서울,경력1년↑,대졸↑,계약직,"(주)엠제이플렉스, [삼성역/중견기업/자체직] 코세코리아 상품관리 담당 채용, 경력:경력 1년 이상, 학력:대학교졸업(4년)이상, 연봉:4,200 만원, 마감일:2025-01-04, 홈페이지:www.mjplex.co.kr","[""파견대행"", "" 영업·판매·무역"", "" 상품기획·MD"", "" 서비스"", "" 기획·전략"", "" 마케팅·홍보·조사"", "" 시설관리·경비·용역""]",서울 강남구,4200만원,2025-01-04
HR매니저,(주)엠제이플렉스,[서초/이투스에듀/2개월/급여] 연말정산 지원 (인사/Payroll),https://www.saramin.co.kr/zf_user/jobs/relay/view?view_type=search&rec_idx=49532433&location=ts&searchword=HR%EB%A7%A4%EB%8B%88%EC%A0%80&searchType=search&paid_fl=n&search_uuid=31bd1cd6-c977-48ea-8006-0565966a447e,2024-12-09 04:41:34,서울,경력무관,학력무관,파견직 (정규직 전환가능)·파견직,"(주)엠제이플렉스, [서초/이투스에듀/2개월/급여] 연말정산 지원 (인사/Payroll), 경력:경력무관, 학력:학력무관, 월급:230 만원, 마감일:2024-12-19, 홈페이지:www.mjplex.co.kr","[""아웃소싱"", "" 회계·세무·재무"", "" 인사·노무·HRD"", "" 총무·법무·사무"", "" 시설관리·경비·용역""]",서울 서초구,월급230만원,2024-12-19
HR매니저,(주)엠제이플렉스,[을지로/257만/복지우수/본사] 미래에셋증권 사무/리셉션 채용,https://www.saramin.co.kr/zf_user/jobs/relay/view?view_type=search&rec_idx=49541840&location=ts&searchword=HR%EB%A7%A4%EB%8B%88%EC%A0%80&searchType=search&paid_fl=n&search_uuid=31bd1cd6-c977-48ea-8006-0565966a447e,2024-12-09 04:41:35,서울,경력무관,초대졸↑,파견직 (정규직 전환가능)·파견직,"(주)엠제이플렉스, [을지로/257만/복지우수/본사] 미래에셋증권 사무/리셉션 채용, 경력:경력무관, 학력:대학졸업(2,3년)이상, 월급:257 만원, 마감일:2024-12-27, 홈페이지:www.mjplex.co.kr","[""아웃소싱"", "" 총무·법무·사무"", "" 서비스"", "" 영업·판매·무역"", "" 시설관리·경비·용역""]",서울 중구,월급257만원,2024-12-27
HR매니저,(주)발렉스서비스,[남부지사] FM매니저(아웃소싱) 모집,https://www.saramin.co.kr/zf_user/jobs/relay/view?view_type=search&rec_idx=49534770&location=ts&searchword=HR%EB%A7%A4%EB%8B%88%EC%A0%80&searchType=search&paid_fl=n&search_uuid=31bd1cd6-c977-48ea-8006-0565966a447e,2024-12-09 04:41:36,경북,경력무관,학력무관,정규직·계약직,"(주)발렉스서비스, [남부지사] FM매니저(아웃소싱) 모집, 경력:경력무관, 학력:학력무관, 면접 후 결정, 마감일:2024-12-20, 홈페이지:valexservice.com","[""시설관리"", "" 인사·노무·HRD"", "" 시설관리·경비·용역""]",경북 포항시 남구,협의 후 결정,2024-12-20
HR매니저,(주)제니엘,[제니엘]삼성전자 잡매니저(잡컨설턴트) 채용,https://www.saramin.co.kr/zf_user/jobs/relay/view?view_type=search&rec_idx=49419049&location=ts&searchword=HR%EB%A7%A4%EB%8B%88%EC%A0%80&searchType=search&paid_fl=n&search_uuid=31bd1cd6-c977-48ea-8006-0565966a447e,2024-12-09 04:41:37,서울,경력,학력무관,정규직,"(주)제니엘, [제니엘]삼성전자 잡매니저(잡컨설턴트) 채용, 경력:경력, 학력:학력무관, 면접 후 결정, 마감일:채용시, 홈페이지:www.zeniel.com","[""아웃소싱"", "" 파견대행"", "" 인사·노무·HRD"", "" 시설관리·경비·용역""]",서울 서초구,협의 후 결정,채용시
HR매니저,(주)유니에스,[정규직](주)유니에스 인사노무관리자(잡매니저)채용/대구지사,https://www.saramin.co.kr/zf_user/jobs/relay/view?view_type=search&rec_idx=49539513&location=ts&searchword=HR%EB%A7%A4%EB%8B%88%EC%A0%80&searchType=search&paid_fl=n&search_uuid=31bd1cd6-c977-48ea-8006-0565966a447e,2024-12-09 04:41:37,대구,경력무관,학력무관,정규직,"(주)유니에스, [정규직](주)유니에스 인사노무관리자(잡매니저)채용/대구지사, 경력:경력무관, 학력:학력무관, 연봉:3,200 만원, 마감일:2025-01-05, 홈페이지:www.unies.com","[""아웃소싱"", "" 서치펌"", "" 헤드헌팅"", "" 파견대행"", "" 총무·법무·사무"", "" 인사·노무·HRD"", "" 영업·판매·무역"", "" 시설관리·경비·용역""]",대구 중구,3200만원,2025-01-05
HR매니저,다이닝브랜즈그룹(주),2024 다이닝브랜즈그룹 대졸 신입사원 채용,https://www.saramin.co.kr/zf_user/jobs/relay/view?view_type=search&rec_idx=49448095&location=ts&searchword=HR%EB%A7%A4%EB%8B%88%EC%A0%80&searchType=search&paid_fl=n&search_uuid=31bd1cd6-c977-48ea-8006-0565966a447e,2024-12-09 04:41:38,서울,신입,대졸↑,정규직,"다이닝브랜즈그룹(주), 2024 다이닝브랜즈그룹 대졸 신입사원 채용, 경력:신입, 학력:대학교졸업(4년)이상, 면접 후 결정, 마감일:2024-12-09, 홈페이지:www.bhc.co.kr","[""프랜차이즈"", "" 기획·전략"", "" 마케팅·홍보·조사"", "" 회계·세무·재무"", "" 인사·노무·HRD"", "" 총무·법무·사무"", "" IT개발·데이터"", "" 디자인"", "" 영업·판매·무역"", "" 구매·자재·물류"", "" 상품기획·MD"", "" 서비스"", "" 생산"", "" 건설·건축"", "" 연구·R&D"", "" 외식업·식음료""]",서울 송파구,협의 후 결정,2024-12-09
HR매니저,아람인테크,[역삼역/아웃소싱] 아람인테크 신입/경력 잡매니저 채용,https://www.saramin.co.kr/zf_user/jobs/relay/view?view_type=search&rec_idx=49382429&location=ts&searchword=HR%EB%A7%A4%EB%8B%88%EC%A0%80&searchType=search&paid_fl=n&search_uuid=31bd1cd6-c977-48ea-8006-0565966a447e,2024-12-09 04:41:39,서울,경력무관,학력무관,정규직,"아람인테크, [역삼역/아웃소싱] 아람인테크 신입/경력 잡매니저 채용, 경력:경력무관, 학력:학력무관, 연봉:3,240 만원, 마감일:2024-12-12, 홈페이지:www.aramjob.co.kr","[""아웃소싱"", "" 파견대행"", "" 인사·노무·HRD"", "" 시설관리·경비·용역""]",서울 강남구,3240만원,2024-12-12
HR매니저,아람인테크,[아람인테크 대구] 신입아웃소싱 잡매니저 모집(인사/노무/채용),https://www.saramin.co.kr/zf_user/jobs/relay/view?view_type=search&rec_idx=49439911&location=ts&searchword=HR%EB%A7%A4%EB%8B%88%EC%A0%80&searchType=search&paid_fl=n&search_uuid=31bd1cd6-c977-48ea-8006-0565966a447e,2024-12-09 04:41:40,대구,신입,학력무관,정규직,"아람인테크, [아람인테크 대구] 신입아웃소싱 잡매니저 모집(인사/노무/채용), 경력:신입, 학력:학력무관, 연봉:3,000 만원, 마감일:2024-12-20, 홈페이지:www.aramjob.co.kr","[""아웃소싱"", "" 헤드헌팅"", "" 파견대행"", "" 인사·노무·HRD"", "" 시설관리·경비·용역""]",대구 수성구,3000만원,2024-12-20
HR매니저,아람인테크,[역삼/아웃소싱] 아람인테크 신입/경력 잡매니저 채용,https://www.saramin.co.kr/zf_user/jobs/relay/view?view_type=search&rec_idx=49438071&location=ts&searchword=HR%EB%A7%A4%EB%8B%88%EC%A0%80&searchType=search&paid_fl=n&search_uuid=31bd1cd6-c977-48ea-8006-0565966a447e,2024-12-09 04:41:41,서울,경력무관,학력무관,정규직,"아람인테크, [역삼/아웃소싱] 아람인테크 신입/경력 잡매니저 채용, 경력:경력무관, 학력:학력무관, 연봉:3,240 만원, 마감일:2024-12-20, 홈페이지:www.aramjob.co.kr","[""아웃소싱"", "" 파견대행"", "" 인사·노무·HRD"", "" 시설관리·경비·용역""]",서울 강남구,3240만원,2024-12-20
HR매니저,(주)아데코코리아,"[대전] 아데코코리아 (파견 관리, 잡매니저) 채용",https://www.saramin.co.kr/zf_user/jobs/relay/view?view_type=search&rec_idx=49449881&location=ts&searchword=HR%EB%A7%A4%EB%8B%88%EC%A0%80&searchType=search&paid_fl=n&search_uuid=31bd1cd6-c977-48ea-8006-0565966a447e,2024-12-09 04:41:42,대전,경력무관,초대졸↑,계약직,"(주)아데코코리아, [대전] 아데코코리아 (파견 관리, 잡매니저) 채용, 경력:경력무관, 학력:대학졸업(2,3년)이상, 면접 후 결정, 마감일:2024-12-22, 홈페이지:www.adecco.co.kr","[""아웃소싱"", "" 인사·노무·HRD"", "" 시설관리·경비·용역""]",대전 서구,협의 후 결정,2024-12-22
HR매니저,아람인테크,"[아람인테크대구] 잡매니저신입모집(운전필수,자차소지자우대)",https://www.saramin.co.kr/zf_user/jobs/relay/view?view_type=search&rec_idx=49462696&location=ts&searchword=HR%EB%A7%A4%EB%8B%88%EC%A0%80&searchType=search&paid_fl=n&search_uuid=31bd1cd6-c977-48ea-8006-0565966a447e,2024-12-09 04:41:44,대구,신입,학력무관,정규직,"아람인테크, [아람인테크대구] 잡매니저신입모집(운전필수,자차소지자우대), 경력:신입, 학력:학력무관, 연봉:3,000 만원, 마감일:2024-12-25, 홈페이지:www.aramjob.co.kr","[""아웃소싱"", "" 헤드헌팅"", "" 파견대행"", "" 인사·노무·HRD"", "" 시설관리·경비·용역""]",대구 수성구,3000만원,2024-12-25
HR매니저,아람인테크,[아람인테크 대구]아웃소싱잡매니저경력직채용(인사/노무/채용),https://www.saramin.co.kr/zf_user/jobs/relay/view?view_type=search&rec_idx=49523053&location=ts&searchword=HR%EB%A7%A4%EB%8B%88%EC%A0%80&searchType=search&paid_fl=n&search_uuid=31bd1cd6-c977-48ea-8006-0565966a447e,2024-12-09 04:41:45,대구,경력2년↑,학력무관,정규직,"아람인테크, [아람인테크 대구]아웃소싱잡매니저경력직채용(인사/노무/채용), 경력:경력 2년 이상, 학력:학력무관, 연봉:3,500 만원, 마감일:2025-01-03, 홈페이지:www.aramjob.co.kr","[""아웃소싱"", "" 헤드헌팅"", "" 파견대행"", "" 인사·노무·HRD"", "" 시설관리·경비·용역""]",대구 수성구,3500만원,2025-01-03
HR매니저,쿠팡(주),[쿠팡이츠서비스] 노무 관리 팀장(ER Manager),https://www.saramin.co.kr/zf_user/jobs/relay/view?view_type=search&rec_idx=49412114&location=ts&searchword=HR%EB%A7%A4%EB%8B%88%EC%A0%80&searchType=search&paid_fl=n&search_uuid=31bd1cd6-c977-48ea-8006-0565966a447e,2024-12-09 04:41:45,서울,경력12년↑,학력무관,정규직,"쿠팡(주), [쿠팡이츠서비스] 노무 관리 팀장(ER Manager), 경력:경력 12년 이상, 학력:학력무관, 면접 후 결정, 마감일:2024-12-15, 홈페이지:www.coupang.com","[""유통업"", "" 물류업"", "" 물류센터"", "" 인사·노무·HRD"", "" 유통·무역·상사""]",서울 강남구,협의 후 결정,2024-12-15
HR매니저,(주)자라리테일코리아,Massimo Dutti 마시모두띠 서울/경기매장 신입 및 경력 채용,https://www.saramin.co.kr/zf_user/jobs/relay/view?view_type=search&rec_idx=49543565&location=ts&searchword=HR%EB%A7%A4%EB%8B%88%EC%A0%80&searchType=search&paid_fl=n&search_uuid=31bd1cd6-c977-48ea-8006-0565966a447e,2024-12-09 04:41:46,경기,신입·경력,고졸↑,정규직·계약직,"(주)자라리테일코리아, Massimo Dutti 마시모두띠 서울/경기매장 신입 및 경력 채용, 경력:신입/경력, 학력:고등학교졸업이상, 연봉:2,948 만원, 마감일:2025-01-05, 홈페이지:http://www.inditex.com/en","[""판매"", "" 의류매장"", "" 구두·신발"", "" 영업·판매·무역"", "" 생산"", "" 판매(상품품목별)""]",경기 성남시 분당구,2948만원,2025-01-05
HR매니저,(주)자라리테일코리아,ZARA 신입 및 경력 대규모채용,https://www.saramin.co.kr/zf_user/jobs/relay/view?view_type=search&rec_idx=49543521&location=ts&searchword=HR%EB%A7%A4%EB%8B%88%EC%A0%80&searchType=search&paid_fl=n&search_uuid=31bd1cd6-c977-48ea-8006-0565966a447e,2024-12-09 04:41:47,서울,신입·경력,고졸↑,정규직·계약직,"(주)자라리테일코리아, ZARA 신입 및 경력 대규모채용, 경력:신입/경력, 학력:고등학교졸업이상, 연봉:2,948 만원, 마감일:2025-01-05, 홈페이지:http://www.inditex.com/en","[""판매"", "" 의류매장"", "" 구두·신발"", "" 영업·판매·무역"", "" 생산"", "" 판매(상품품목별)""]",서울 강남구,2948만원,2025-01-05
HR매니저,(주)유니에스,[급구/주5일]유니에스 본사 FM사업관리 경비지도사 채용,https://www.saramin.co.kr/zf_user/jobs/relay/view?view_type=search&rec_idx=49513060&location=ts&searchword=HR%EB%A7%A4%EB%8B%88%EC%A0%80&searchType=search&paid_fl=n&search_uuid=31bd1cd6-c977-48ea-8006-0565966a447e,2024-12-09 04:41:48,서울,경력무관,학력무관,정규직,"(주)유니에스, [급구/주5일]유니에스 본사 FM사업관리 경비지도사 채용, 경력:경력무관, 학력:학력무관, 면접 후 결정, 마감일:2024-12-10, 홈페이지:www.unies.com","[""아웃소싱"", "" 파견대행"", "" 총무·법무·사무"", "" 인사·노무·HRD"", "" 시설관리·경비·용역""]",서울 강남구,협의 후 결정,2024-12-10
HR매니저,(주)유니에스,[급구/주5일]유니에스 본사 FM사업관리 잡매니저 채용,https://www.saramin.co.kr/zf_user/jobs/relay/view?view_type=search&rec_idx=49534687&location=ts&searchword=HR%EB%A7%A4%EB%8B%88%EC%A0%80&searchType=search&paid_fl=n&search_uuid=31bd1cd6-c977-48ea-8006-0565966a447e,2024-12-09 04:41:49,서울,경력무관,학력무관,정규직,"(주)유니에스, [급구/주5일]유니에스 본사 FM사업관리 잡매니저 채용, 경력:경력무관, 학력:학력무관, 면접 후 결정, 마감일:2024-12-13, 홈페이지:www.unies.com","[""아웃소싱"", "" 파견대행"", "" 총무·법무·사무"", "" 인사·노무·HRD"", "" 시설관리·경비·용역""]",서울 강남구,협의 후 결정,2024-12-13
HR매니저,(주)제이앤비컨설팅,(주)제이앤비컨설팅 본사 잡매니저 채용모집(경력무관/성별무관),https://www.saramin.co.kr/zf_user/jobs/relay/view?view_type=search&rec_idx=49474205&location=ts&searchword=HR%EB%A7%A4%EB%8B%88%EC%A0%80&searchType=search&paid_fl=n&search_uuid=31bd1cd6-c977-48ea-8006-0565966a447e,2024-12-09 04:41:50,서울,경력무관,초대졸↑,정규직,"(주)제이앤비컨설팅, (주)제이앤비컨설팅 본사 잡매니저 채용모집(경력무관/성별무관), 경력:경력무관, 학력:대학졸업(2,3년)이상, 면접 후 결정, 마감일:2024-12-26, 홈페이지:www.ijnb.co.kr:9342/index.html","[""용역업체"", "" 아웃소싱"", "" 서치펌"", "" 헤드헌팅"", "" 파견대행"", "" 총무·법무·사무"", "" 인사·노무·HRD"", "" 시설관리·경비·용역""]",서울 영등포구,협의 후 결정,2024-12-26
HR매니저,(주)제이앤비컨설팅,함께 꿈을 키워갈 인재를 모집합니다 / 잡매니저,https://www.saramin.co.kr/zf_user/jobs/relay/view?view_type=search&rec_idx=49531466&location=ts&searchword=HR%EB%A7%A4%EB%8B%88%EC%A0%80&searchType=search&paid_fl=n&search_uuid=31bd1cd6-c977-48ea-8006-0565966a447e,2024-12-09 04:41:51,서울,경력무관,초대졸↑,정규직,"(주)제이앤비컨설팅, 함께 꿈을 키워갈 인재를 모집합니다 / 잡매니저, 경력:경력무관, 학력:대학졸업(2,3년)이상, 면접 후 결정, 마감일:2024-12-15, 홈페이지:www.ijnb.co.kr:9342/index.html","[""용역업체"", "" 시설관리"", "" 아웃소싱"", "" 헤드헌팅"", "" 파견대행"", "" 인사·노무·HRD"", "" 시설관리·경비·용역""]",서울 영등포구,협의 후 결정,2024-12-15
HR매니저,현대제철(주),현대제철㈜ 인사 직무 사무보조 계약직 채용 (판교),https://www.saramin.co.kr/zf_user/jobs/relay/view?view_type=search&rec_idx=49508892&location=ts&searchword=HR%EB%A7%A4%EB%8B%88%EC%A0%80&searchType=search&paid_fl=n&search_uuid=31bd1cd6-c977-48ea-8006-0565966a447e,2024-12-09 04:41:52,경기,경력무관,고졸↑,기간제·계약직,"현대제철(주), 현대제철㈜ 인사 직무 사무보조 계약직 채용 (판교), 경력:경력무관, 학력:고등학교졸업이상, 연봉:3,054 만원, 마감일:2024-12-09, 홈페이지:www.hyundai-steel.com","[""제철"", "" 인사·노무·HRD"", "" 금속·재료·철강·요업""]",경기 성남시 분당구,3054만원,2024-12-09
HR매니저,노보노디스크제약(주),[글로벌 제약사] Capability Lead (Training Lead) 채용,https://www.saramin.co.kr/zf_user/jobs/relay/view?view_type=search&rec_idx=49541081&location=ts&searchword=HR%EB%A7%A4%EB%8B%88%EC%A0%80&searchType=search&paid_fl=n&search_uuid=31bd1cd6-c977-48ea-8006-0565966a447e,2024-12-09 04:41:53,서울,경력5년↑,대졸↑,정규직,"노보노디스크제약(주), [글로벌 제약사] Capability Lead (Training Lead) 채용, 경력:경력 5년 이상, 학력:대학교졸업(4년)이상, 면접 후 결정, 마감일:채용시, 홈페이지:www.novonordisk.com","[""의약·제약"", "" 인사·노무·HRD"", "" 제약·보건·바이오""]",서울 송파구,협의 후 결정,채용시
HR매니저,(주)휴먼코아,(주)휴먼코아 본사 신입사원 채용,https://www.saramin.co.kr/zf_user/jobs/relay/view?view_type=search&rec_idx=49519365&location=ts&searchword=HR%EB%A7%A4%EB%8B%88%EC%A0%80&searchType=search&paid_fl=n&search_uuid=31bd1cd6-c977-48ea-8006-0565966a447e,2024-12-09 04:41:54,서울,신입,대졸↑,정규직,"(주)휴먼코아, (주)휴먼코아 본사 신입사원 채용, 경력:신입, 학력:대학교졸업(4년)이상, 면접 후 결정, 마감일:2024-12-11, 홈페이지:www.huco.co.kr","[""아웃소싱"", "" 서치펌"", "" 헤드헌팅"", "" 파견대행"", "" 인사·노무·HRD"", "" 시설관리·경비·용역""]",서울 송파구,협의 후 결정,2024-12-11
HR매니저,(주)현진스포텍,[현진스포텍] 각 부문별 경력사원 모집,https://www.saramin.co.kr/zf_user/jobs/relay/view?view_type=search&rec_idx=49527379&location=ts&searchword=HR%EB%A7%A4%EB%8B%88%EC%A0%80&searchType=search&paid_fl=n&search_uuid=31bd1cd6-c977-48ea-8006-0565966a447e,2024-12-09 04:41:55,서울,경력,고졸↑,정규직,"(주)현진스포텍, [현진스포텍] 각 부문별 경력사원 모집, 경력:경력, 학력:고등학교졸업이상, 면접 후 결정, 마감일:2024-12-25, 홈페이지:www.hyun-jin.com","[""의류·의상"", "" 기획·전략"", "" 회계·세무·재무"", "" 인사·노무·HRD"", "" 총무·법무·사무"", "" IT개발·데이터"", "" 디자인"", "" 영업·판매·무역"", "" 구매·자재·물류"", "" 생산"", "" 섬유·의류·패션""]",서울 영등포구,협의 후 결정,2024-12-25
HR매니저,현대오토에버(주),차량SW · ICT · 경영지원 부문 채용,https://www.saramin.co.kr/zf_user/jobs/relay/view?view_type=search&rec_idx=47669139&location=ts&searchword=HR%EB%A7%A4%EB%8B%88%EC%A0%80&searchType=search&paid_fl=n&search_uuid=31bd1cd6-c977-48ea-8006-0565966a447e,2024-12-09 04:41:56,서울,경력,학력무관,정규직·계약직,"현대오토에버(주), 차량SW · ICT · 경영지원 부문 채용, 경력:경력, 학력:학력무관, 면접 후 결정, 마감일:상시채용, 홈페이지:https://recruit.hyundai-autoever.com/","[""SI·시스템통합"", "" ERP"", "" 시스템관리"", "" 소프트웨어개발"", "" SM"", "" 기획·전략"", "" 총무·법무·사무"", "" IT개발·데이터"", "" 영업·판매·무역"", "" 생산"", "" 연구·R&D"", "" 솔루션·SI·ERP·CRM""]",서울 강남구,협의 후 결정,상시채용
HR매니저,(주)휴넥트,아웃소싱 및 인사/노무관리 경력직 모집(대리~차장급) [본사],https://www.saramin.co.kr/zf_user/jobs/relay/view?view_type=search&rec_idx=49404100&location=ts&searchword=HR%EB%A7%A4%EB%8B%88%EC%A0%80&searchType=search&paid_fl=n&search_uuid=31bd1cd6-c977-48ea-8006-0565966a447e,2024-12-09 04:41:57,부산,경력,대졸↑,정규직,"(주)휴넥트, 아웃소싱 및 인사/노무관리 경력직 모집(대리~차장급) [본사], 경력:경력, 학력:대학교졸업(4년)이상, 면접 후 결정, 마감일:2024-12-13, 홈페이지:www.hunect.co.kr","[""파견대행"", "" 인사·노무·HRD"", "" 영업·판매·무역"", "" 시설관리·경비·용역""]",부산 연제구,협의 후 결정,2024-12-13
HR매니저,(주)삼구에프에스,매니저(현장소장) 채용,https://www.saramin.co.kr/zf_user/jobs/relay/view?view_type=search&rec_idx=49527057&location=ts&searchword=HR%EB%A7%A4%EB%8B%88%EC%A0%80&searchType=search&paid_fl=n&search_uuid=31bd1cd6-c977-48ea-8006-0565966a447e,2024-12-09 04:41:58,충북전체,경력,대졸↑,정규직,"(주)삼구에프에스, 매니저(현장소장) 채용, 경력:경력, 학력:대학교졸업(4년)이상, 회사내규에 따름, 마감일:2024-12-11, 홈페이지:www.samkoo.com","[""식품가공"", "" 기획·전략"", "" 인사·노무·HRD"", "" 총무·법무·사무"", "" 영업·판매·무역"", "" 구매·자재·물류"", "" 상품기획·MD"", "" 생산"", "" 건설·건축"", "" 식품가공·개발""]",충북전체,협의 후 결정,2024-12-11
HR매니저,(주)휴넥트,[4H근무] 경영기획팀 3개월계약 경력직 모집(연말정산/4대보험/재경서류정리 등),https://www.saramin.co.kr/zf_user/jobs/relay/view?view_type=search&rec_idx=49536109&location=ts&searchword=HR%EB%A7%A4%EB%8B%88%EC%A0%80&searchType=search&paid_fl=n&search_uuid=31bd1cd6-c977-48ea-8006-0565966a447e,2024-12-09 04:41:59,부산,경력,학력무관,계약직,"(주)휴넥트, [4H근무] 경영기획팀 3개월계약 경력직 모집(연말정산/4대보험/재경서류정리 등), 경력:경력, 학력:학력무관, 면접 후 결정, 마감일:2024-12-09, 홈페이지:www.hunect.co.kr","[""아웃소싱"", "" 파견대행"", "" 기획·전략"", "" 인사·노무·HRD"", "" 총무·법무·사무"", "" 시설관리·경비·용역""]",부산 연제구,협의 후 결정,2024-12-09
HR매니저,(주)이수시스템,이수시스템 24년 경력직 채용,https://www.saramin.co.kr/zf_user/jobs/relay/view?view_type=search&rec_idx=48765387&location=ts&searchword=HR%EB%A7%A4%EB%8B%88%EC%A0%80&searchType=search&paid_fl=n&search_uuid=31bd1cd6-c977-48ea-8006-0565966a447e,2024-12-09 04:42:00,서울,경력,대졸↑,정규직,"(주)이수시스템, 이수시스템 24년 경력직 채용, 경력:경력, 학력:대학교졸업(4년)이상, 면접 후 결정, 마감일:2024-12-31, 홈페이지:www.isusystem.com/","[""SI·시스템통합"", "" DBMS"", "" 솔루션업체"", "" 소프트웨어개발"", "" SM"", "" 기획·전략"", "" 마케팅·홍보·조사"", "" 회계·세무·재무"", "" 인사·노무·HRD"", "" 총무·법무·사무"", "" IT개발·데이터"", "" 디자인"", "" 영업·판매·무역"", "" 솔루션·SI·ERP·CRM""]",서울 서초구,협의 후 결정,2024-12-31
HR매니저,리드커리어(주),컬리 역삼 본사 인재영입팀 리크루터 팀원 채용,https://www.saramin.co.kr/zf_user/jobs/relay/view?view_type=search&rec_idx=49426832&location=ts&searchword=HR%EB%A7%A4%EB%8B%88%EC%A0%80&searchType=search&paid_fl=n&search_uuid=31bd1cd6-c977-48ea-8006-0565966a447e,2024-12-09 04:42:00,서울 강남구,경력무관,학력무관,계약직·파견직,,,,,
HR매니저,(주)파마리서치,2025년 파마리서치 신입·경력 대규모채용,https://www.saramin.co.kr/zf_user/jobs/relay/view?view_type=search&rec_idx=49494227&location=ts&searchword=HR%EB%A7%A4%EB%8B%88%EC%A0%80&searchType=search&paid_fl=n&search_uuid=31bd1cd6-c977-48ea-8006-0565966a447e,2024-12-09 04:42:00,경기 성남시 분당구,신입·경력,대졸↑,정규직,,,,,
HR매니저,(주)모나미,[모나미] 고객객지원센터(CS) 신입•경력 채용,https://www.saramin.co.kr/zf_user/jobs/relay/view?view_type=search&rec_idx=49507028&location=ts&searchword=HR%EB%A7%A4%EB%8B%88%EC%A0%80&searchType=search&paid_fl=n&search_uuid=31bd1cd6-c977-48ea-8006-0565966a447e,2024-12-09 04:42:01,경기 용인시 수지구,신입·경력,고졸↑,정규직,,,,,
HR매니저,(주)이노인스트루먼트,2024년 부문별 글로벌 인재 채용,https://www.saramin.co.kr/zf_user/jobs/relay/view?view_type=search&rec_idx=49504291&location=ts&searchword=HR%EB%A7%A4%EB%8B%88%EC%A0%80&searchType=search&paid_fl=n&search_uuid=31bd1cd6-c977-48ea-8006-0565966a447e,2024-12-09 04:42:01,서울 강남구,신입·경력,대졸↑,기간제·계약직,,,,,
HR매니저,(주)모나미,모나미스토어(수원점) 신입•경력 채용,https://www.saramin.co.kr/zf_user/jobs/relay/view?view_type=search&rec_idx=49543632&location=ts&searchword=HR%EB%A7%A4%EB%8B%88%EC%A0%80&searchType=search&paid_fl=n&search_uuid=31bd1cd6-c977-48ea-8006-0565966a447e,2024-12-09 04:42:02,경기 수원시 장안구,경력무관,고졸↑,계약직,,,,,
HR매니저,(주)제일비엠시,[신입/경력직]제일비엠시 본사 현장 인력(AR) 관리 담당자 채용,https://www.saramin.co.kr/zf_user/jobs/relay/view?view_type=search&rec_idx=49485693&location=ts&searchword=HR%EB%A7%A4%EB%8B%88%EC%A0%80&searchType=search&paid_fl=n&search_uuid=31bd1cd6-c977-48ea-8006-0565966a447e,2024-12-09 04:42:02,서울 서초구,신입·경력,초대졸↑,정규직,,,,,
