search_keyword,company_name,title,url,crawled_at,location,experience,education,employment_type,description,tech_stack,benefits,location_detail,salary,deadline
강사,(주)인터비즈시스템,[주5일]LG전자 현장 교육 강사 및 코칭 강사 채용,https://www.saramin.co.kr/zf_user/jobs/relay/view?view_type=search&rec_idx=49503433&location=ts&searchword=%EA%B0%95%EC%82%AC&searchType=search&paid_fl=n&search_uuid=7fc1b5b2-b8da-45c7-993d-dc0fa9f09fc2,2024-12-07 22:55:20,서울전체,경력무관,학력무관,계약직,,"{""languages"": [], ""frameworks"": [], ""databases"": [], ""cloud"": [], ""tools"": []}",[],,,
강사,(주)씨앤에이논술,논술강사 국어강사 출판부 상담실 채용,https://www.saramin.co.kr/zf_user/jobs/relay/view?view_type=search&rec_idx=49478533&location=ts&searchword=%EA%B0%95%EC%82%AC&searchType=search&paid_fl=n&search_uuid=7fc1b5b2-b8da-45c7-993d-dc0fa9f09fc2,2024-12-07 22:55:22,서울 강남구,신입·경력,대졸↑,정규직·위촉직,,"{""languages"": [], ""frameworks"": [], ""databases"": [], ""cloud"": [], ""tools"": []}",[],,,
강사,(주)이언에듀케이션,초중고 영어전임강사 & 교육지원(행정) 모집,https://www.saramin.co.kr/zf_user/jobs/relay/view?view_type=search&rec_idx=48408184&location=ts&searchword=%EA%B0%95%EC%82%AC&searchType=search&paid_fl=n&search_uuid=7fc1b5b2-b8da-45c7-993d-dc0fa9f09fc2,2024-12-07 22:55:26,경기 수원시 영통구,신입·경력,대졸↑,정규직·전임,,"{""languages"": [], ""frameworks"": [], ""databases"": [], ""cloud"": [], ""tools"": []}",[],,,
강사,잉클링스어학원,서초구 초등영어학원 교포 전임강사 경력 채용,https://www.saramin.co.kr/zf_user/jobs/relay/view?view_type=search&rec_idx=49538653&location=ts&searchword=%EA%B0%95%EC%82%AC&searchType=search&paid_fl=n&search_uuid=7fc1b5b2-b8da-45c7-993d-dc0fa9f09fc2,2024-12-07 22:55:29,서울 서초구,경력2년↑,대졸↑,정규직,,"{""languages"": [], ""frameworks"": [], ""databases"": [], ""cloud"": [], ""tools"": []}",[],,,
강사,(주)타임교육,[신입/경력]강사/학생용 소프트웨어 자바 개발자 모집,https://www.saramin.co.kr/zf_user/jobs/relay/view?view_type=search&rec_idx=49536929&location=ts&searchword=%EA%B0%95%EC%82%AC&searchType=search&paid_fl=n&search_uuid=7fc1b5b2-b8da-45c7-993d-dc0fa9f09fc2,2024-12-07 22:55:33,서울 강남구,경력무관,초대졸↑,정규직,,"{""languages"": [], ""frameworks"": [], ""databases"": [], ""cloud"": [], ""tools"": []}",[],,,
강사,(주)크레버스,청담어학원 고급 독해 수업담당 강사 모집,https://www.saramin.co.kr/zf_user/jobs/relay/view?view_type=search&rec_idx=49516998&location=ts&searchword=%EA%B0%95%EC%82%AC&searchType=search&paid_fl=n&search_uuid=7fc1b5b2-b8da-45c7-993d-dc0fa9f09fc2,2024-12-07 22:55:36,서울 강남구,신입·경력,대졸↑,계약직,,"{""languages"": [], ""frameworks"": [], ""databases"": [], ""cloud"": [], ""tools"": []}",[],,,
강사,(주)크레버스,CREVERSE 수학 강사 채용(초등&중고등),https://www.saramin.co.kr/zf_user/jobs/relay/view?view_type=search&rec_idx=49518273&location=ts&searchword=%EA%B0%95%EC%82%AC&searchType=search&paid_fl=n&search_uuid=7fc1b5b2-b8da-45c7-993d-dc0fa9f09fc2,2024-12-07 22:55:39,서울 강남구,신입·경력,대졸↑,위촉직·프리랜서,,"{""languages"": [], ""frameworks"": [], ""databases"": [], ""cloud"": [], ""tools"": []}",[],,,
강사,(주)외대어학연구소,[한국외대 HIFS 어학원] 초등어학원 전임/파트 강사 채용,https://www.saramin.co.kr/zf_user/jobs/relay/view?view_type=search&rec_idx=49128137&location=ts&searchword=%EA%B0%95%EC%82%AC&searchType=search&paid_fl=n&search_uuid=7fc1b5b2-b8da-45c7-993d-dc0fa9f09fc2,2024-12-07 22:55:42,경기 용인시 처인구,경력,대졸↑,파트·전임,,"{""languages"": [], ""frameworks"": [], ""databases"": [], ""cloud"": [], ""tools"": []}",[],,,
강사,(주)크라우드웍스,[크라우드아카데미] AI 전문 파트너 강사 & AI 기술코치 채용,https://www.saramin.co.kr/zf_user/jobs/relay/view?view_type=search&rec_idx=49476409&location=ts&searchword=%EA%B0%95%EC%82%AC&searchType=search&paid_fl=n&search_uuid=7fc1b5b2-b8da-45c7-993d-dc0fa9f09fc2,2024-12-07 22:55:46,서울 강남구,경력무관,초대졸↑,프리랜서,,"{""languages"": [], ""frameworks"": [], ""databases"": [], ""cloud"": [], ""tools"": []}",[],,,
강사,(주)한국교육평가원,[강사모집] 온라인 촬영 강사님을 모집합니다.(교육지도 과정),https://www.saramin.co.kr/zf_user/jobs/relay/view?view_type=search&rec_idx=49280926&location=ts&searchword=%EA%B0%95%EC%82%AC&searchType=search&paid_fl=n&search_uuid=7fc1b5b2-b8da-45c7-993d-dc0fa9f09fc2,2024-12-07 22:55:50,서울 금천구,경력무관,대졸↑,위촉직,,"{""languages"": [], ""frameworks"": [], ""databases"": [], ""cloud"": [], ""tools"": []}",[],,,
강사,(주)케이엔에스에듀,중고등부 영어강사 모집(수능.내신. 토플.텝스),https://www.saramin.co.kr/zf_user/jobs/relay/view?view_type=search&rec_idx=49410846&location=ts&searchword=%EA%B0%95%EC%82%AC&searchType=search&paid_fl=n&search_uuid=7fc1b5b2-b8da-45c7-993d-dc0fa9f09fc2,2024-12-07 22:55:54,서울 강남구,신입·경력,대졸↑,정규직·계약직,,"{""languages"": [], ""frameworks"": [], ""databases"": [], ""cloud"": [], ""tools"": []}",[],,,
강사,(주)이트리즈과사람학원,[이트리즈과사람학원] 초등사고력/초등교과수학 강사/CS 직원,https://www.saramin.co.kr/zf_user/jobs/relay/view?view_type=search&rec_idx=49517245&location=ts&searchword=%EA%B0%95%EC%82%AC&searchType=search&paid_fl=n&search_uuid=7fc1b5b2-b8da-45c7-993d-dc0fa9f09fc2,2024-12-07 22:55:57,부산 동래구,신입·경력,대졸↑,정규직·파트,,"{""languages"": [], ""frameworks"": [], ""databases"": [], ""cloud"": [], ""tools"": []}",[],,,
강사,(주)이트리즈과사람학원,[이트리즈과사람학원] 중·고등관 수학/과학강사/CS 직원 모집,https://www.saramin.co.kr/zf_user/jobs/relay/view?view_type=search&rec_idx=49517211&location=ts&searchword=%EA%B0%95%EC%82%AC&searchType=search&paid_fl=n&search_uuid=7fc1b5b2-b8da-45c7-993d-dc0fa9f09fc2,2024-12-07 22:56:01,부산 동래구,신입·경력,대졸↑,정규직·파트,,"{""languages"": [], ""frameworks"": [], ""databases"": [], ""cloud"": [], ""tools"": []}",[],,,
강사,(주)에이치피이에듀,헤럴드어학원  영어강사(신입/경력직) 모집,https://www.saramin.co.kr/zf_user/jobs/relay/view?view_type=search&rec_idx=49535624&location=ts&searchword=%EA%B0%95%EC%82%AC&searchType=search&paid_fl=n&search_uuid=7fc1b5b2-b8da-45c7-993d-dc0fa9f09fc2,2024-12-07 22:56:04,부산 해운대구,경력무관,대졸↑,정규직·파트,,"{""languages"": [], ""frameworks"": [], ""databases"": [], ""cloud"": [], ""tools"": []}",[],,,
강사,(주)일공일랩,[재택/프리랜서] 비대면 영어교육 프로그램 강사님 모집,https://www.saramin.co.kr/zf_user/jobs/relay/view?view_type=search&rec_idx=49403547&location=ts&searchword=%EA%B0%95%EC%82%AC&searchType=search&paid_fl=n&search_uuid=7fc1b5b2-b8da-45c7-993d-dc0fa9f09fc2,2024-12-07 22:56:08,서울 송파구,경력무관,학력무관,프리랜서,,"{""languages"": [], ""frameworks"": [], ""databases"": [], ""cloud"": [], ""tools"": []}",[],,,
강사,(주)주니어보노,유치+초등부 어학원 영어 강사님 모십니다.,https://www.saramin.co.kr/zf_user/jobs/relay/view?view_type=search&rec_idx=49516866&location=ts&searchword=%EA%B0%95%EC%82%AC&searchType=search&paid_fl=n&search_uuid=7fc1b5b2-b8da-45c7-993d-dc0fa9f09fc2,2024-12-07 22:56:12,대구 수성구,경력2년↑,대졸↑,정규직,,"{""languages"": [], ""frameworks"": [], ""databases"": [], ""cloud"": [], ""tools"": []}",[],,,
강사,(사)대한안전교육협회,대한안전교육협회 강사 채용,https://www.saramin.co.kr/zf_user/jobs/relay/view?view_type=search&rec_idx=49454619&location=ts&searchword=%EA%B0%95%EC%82%AC&searchType=search&paid_fl=n&search_uuid=7fc1b5b2-b8da-45c7-993d-dc0fa9f09fc2,2024-12-07 22:56:16,경기 안양시 동안구,경력 2~6년,학력무관,정규직,,"{""languages"": [], ""frameworks"": [], ""databases"": [], ""cloud"": [], ""tools"": []}",[],,,
강사,강서대학교,[강서대학교] 국제교육교류원 한국어강사 모집 공고,https://www.saramin.co.kr/zf_user/jobs/relay/view?view_type=search&rec_idx=49511562&location=ts&searchword=%EA%B0%95%EC%82%AC&searchType=search&paid_fl=n&search_uuid=7fc1b5b2-b8da-45c7-993d-dc0fa9f09fc2,2024-12-07 22:56:20,서울 강서구,경력,석사↑,계약직,,"{""languages"": [], ""frameworks"": [], ""databases"": [], ""cloud"": [], ""tools"": []}",[],,,
강사,(주)천지인아카데미,2025년 학기 유치&초등 전임강사(1월6일시작),https://www.saramin.co.kr/zf_user/jobs/relay/view?view_type=search&rec_idx=49531296&location=ts&searchword=%EA%B0%95%EC%82%AC&searchType=search&paid_fl=n&search_uuid=7fc1b5b2-b8da-45c7-993d-dc0fa9f09fc2,2024-12-07 22:56:24,서울 영등포구,경력1년↑,대졸↑,정규직,,"{""languages"": [], ""frameworks"": [], ""databases"": [], ""cloud"": [], ""tools"": []}",[],,,
강사,세종한국어학원(싱가포르),"싱가포르, 한국어 강사 채용, 경력무관 (숙소, 트레이닝 제공)",https://www.saramin.co.kr/zf_user/jobs/relay/view?view_type=search&rec_idx=49483247&location=ts&searchword=%EA%B0%95%EC%82%AC&searchType=search&paid_fl=n&search_uuid=7fc1b5b2-b8da-45c7-993d-dc0fa9f09fc2,2024-12-07 22:56:27,아시아·중동 싱가포르,경력무관,초대졸↑,정규직,,"{""languages"": [], ""frameworks"": [], ""databases"": [], ""cloud"": [], ""tools"": []}",[],,,
강사,사단법인희망조약돌,[희망조약돌] [안양본사] NGO 하반기 교육 강사 채용(강연 진행),https://www.saramin.co.kr/zf_user/jobs/relay/view?view_type=search&rec_idx=49498002&location=ts&searchword=%EA%B0%95%EC%82%AC&searchType=search&paid_fl=n&search_uuid=7fc1b5b2-b8da-45c7-993d-dc0fa9f09fc2,2024-12-07 22:56:30,경기 안양시 동안구,경력무관,학력무관,계약직,,"{""languages"": [], ""frameworks"": [], ""databases"": [], ""cloud"": [], ""tools"": []}",[],,,
강사,시립성북청소년센터,2025년 학교 연계 및 청소년 활동 프로그램 강사 모집,https://www.saramin.co.kr/zf_user/jobs/relay/view?view_type=search&rec_idx=49504295&location=ts&searchword=%EA%B0%95%EC%82%AC&searchType=search&paid_fl=n&search_uuid=7fc1b5b2-b8da-45c7-993d-dc0fa9f09fc2,2024-12-07 22:56:32,서울 성북구,경력무관,학력무관,프리랜서,,"{""languages"": [], ""frameworks"": [], ""databases"": [], ""cloud"": [], ""tools"": []}",[],,,
강사,학문당입시학원,[학문당 임팩트영어학원] 중등영어 강사모집,https://www.saramin.co.kr/zf_user/jobs/relay/view?view_type=search&rec_idx=49537349&location=ts&searchword=%EA%B0%95%EC%82%AC&searchType=search&paid_fl=n&search_uuid=7fc1b5b2-b8da-45c7-993d-dc0fa9f09fc2,2024-12-07 22:56:36,대구 수성구,경력무관,대졸↑,정규직,,"{""languages"": [], ""frameworks"": [], ""databases"": [], ""cloud"": [], ""tools"": []}",[],,,
강사,부경대학교,2025 나가사키현립 대마도고등학교 한국어강사 추천자 모집,https://www.saramin.co.kr/zf_user/jobs/relay/view?view_type=search&rec_idx=49529107&location=ts&searchword=%EA%B0%95%EC%82%AC&searchType=search&paid_fl=n&search_uuid=7fc1b5b2-b8da-45c7-993d-dc0fa9f09fc2,2024-12-07 22:56:41,일본,경력무관,대졸↑,기간제·계약직,,"{""languages"": [], ""frameworks"": [], ""databases"": [], ""cloud"": [], ""tools"": []}",[],,,
강사,(주)나교수어학원,[신촌 나교수어학원] 영어강사 채용,https://www.saramin.co.kr/zf_user/jobs/relay/view?view_type=search&rec_idx=49358575&location=ts&searchword=%EA%B0%95%EC%82%AC&searchType=search&paid_fl=n&search_uuid=7fc1b5b2-b8da-45c7-993d-dc0fa9f09fc2,2024-12-07 22:56:45,서울 마포구,경력무관,대졸↑,파트·전임,,"{""languages"": [], ""frameworks"": [], ""databases"": [], ""cloud"": [], ""tools"": []}",[],,,
강사,(주)윤소정 어학원,어학원 경력직 강사 / 해운대구 중동 / 초중 영어전문,https://www.saramin.co.kr/zf_user/jobs/relay/view?view_type=search&rec_idx=49502065&location=ts&searchword=%EA%B0%95%EC%82%AC&searchType=search&paid_fl=n&search_uuid=7fc1b5b2-b8da-45c7-993d-dc0fa9f09fc2,2024-12-07 22:56:48,부산 해운대구,경력3년↑,대졸↑,프리랜서,,"{""languages"": [], ""frameworks"": [], ""databases"": [], ""cloud"": [], ""tools"": []}",[],,,
강사,롤링코리아,[롤링코리아] 외국인대상 한국어강사 채용,https://www.saramin.co.kr/zf_user/jobs/relay/view?view_type=search&rec_idx=49523180&location=ts&searchword=%EA%B0%95%EC%82%AC&searchType=search&paid_fl=n&search_uuid=7fc1b5b2-b8da-45c7-993d-dc0fa9f09fc2,2024-12-07 22:56:51,서울 마포구,경력무관,초대졸↑,프리랜서,,"{""languages"": [], ""frameworks"": [], ""databases"": [], ""cloud"": [], ""tools"": []}",[],,,
강사,건설기초안전교육(주),건설업기초안전보건교육 보건강사 채용,https://www.saramin.co.kr/zf_user/jobs/relay/view?view_type=search&rec_idx=49520962&location=ts&searchword=%EA%B0%95%EC%82%AC&searchType=search&paid_fl=n&search_uuid=7fc1b5b2-b8da-45c7-993d-dc0fa9f09fc2,2024-12-07 22:56:55,대전 유성구,경력,초대졸↑,정규직,,"{""languages"": [], ""frameworks"": [], ""databases"": [], ""cloud"": [], ""tools"": []}",[],,,
강사,(사)중대안전보건예방협회,직무교육 보건관리자 강사님 구인,https://www.saramin.co.kr/zf_user/jobs/relay/view?view_type=search&rec_idx=49534529&location=ts&searchword=%EA%B0%95%EC%82%AC&searchType=search&paid_fl=n&search_uuid=7fc1b5b2-b8da-45c7-993d-dc0fa9f09fc2,2024-12-07 22:56:58,서울 금천구,경력무관,학력무관,정규직,,"{""languages"": [], ""frameworks"": [], ""databases"": [], ""cloud"": [], ""tools"": []}",[],,,
강사,가나다한국어학원,뜻있는 한국어 강사를 모집합니다[가나다한국어학원],https://www.saramin.co.kr/zf_user/jobs/relay/view?view_type=search&rec_idx=49524970&location=ts&searchword=%EA%B0%95%EC%82%AC&searchType=search&paid_fl=n&search_uuid=7fc1b5b2-b8da-45c7-993d-dc0fa9f09fc2,2024-12-07 22:57:02,서울 마포구,경력무관,대졸↑,정규직·계약직,,"{""languages"": [], ""frameworks"": [], ""databases"": [], ""cloud"": [], ""tools"": []}",[],,,
강사,(주)국풀교육,[기파랑문해원 직영점] 초등 / 중등 국어 강사 추가 모집,https://www.saramin.co.kr/zf_user/jobs/relay/view?view_type=search&rec_idx=49503491&location=ts&searchword=%EA%B0%95%EC%82%AC&searchType=search&paid_fl=n&search_uuid=7fc1b5b2-b8da-45c7-993d-dc0fa9f09fc2,2024-12-07 22:57:05,서울 송파구,경력무관,초대졸↑,정규직,,"{""languages"": [], ""frameworks"": [], ""databases"": [], ""cloud"": [], ""tools"": []}",[],,,
강사,(주)제이엘에스에듀,[수원/파주운정] 초·중등영어강사/교수팀장/행정·상담실장 채용,https://www.saramin.co.kr/zf_user/jobs/relay/view?view_type=search&rec_idx=49423884&location=ts&searchword=%EA%B0%95%EC%82%AC&searchType=search&paid_fl=n&search_uuid=7fc1b5b2-b8da-45c7-993d-dc0fa9f09fc2,2024-12-07 22:57:08,경기 수원시 장안구,신입·경력,대졸↑,정규직·파트,,"{""languages"": [], ""frameworks"": [], ""databases"": [], ""cloud"": [], ""tools"": []}",[],,,
강사,(주)에이치엔젤,대치에이프릴어학원 영어강사모집,https://www.saramin.co.kr/zf_user/jobs/relay/view?view_type=search&rec_idx=49516492&location=ts&searchword=%EA%B0%95%EC%82%AC&searchType=search&paid_fl=n&search_uuid=7fc1b5b2-b8da-45c7-993d-dc0fa9f09fc2,2024-12-07 22:57:11,서울 강남구,경력무관,대졸↑,정규직·계약직,,"{""languages"": [], ""frameworks"": [], ""databases"": [], ""cloud"": [], ""tools"": []}",[],,,
강사,(주)월드조이,"2025 유치 초등어학원강사, 영어, 영어회화 경력직 모집",https://www.saramin.co.kr/zf_user/jobs/relay/view?view_type=search&rec_idx=49532115&location=ts&searchword=%EA%B0%95%EC%82%AC&searchType=search&paid_fl=n&search_uuid=7fc1b5b2-b8da-45c7-993d-dc0fa9f09fc2,2024-12-07 22:57:15,경기 화성시,경력1년↑,대졸↑,파트·계약직,,"{""languages"": [], ""frameworks"": [], ""databases"": [], ""cloud"": [], ""tools"": []}",[],,,
강사,서울기업교육협회,2024년 법정의무교육 CS강사 신입 모집,https://www.saramin.co.kr/zf_user/jobs/relay/view?view_type=search&rec_idx=48465017&location=ts&searchword=%EA%B0%95%EC%82%AC&searchType=search&paid_fl=n&search_uuid=7fc1b5b2-b8da-45c7-993d-dc0fa9f09fc2,2024-12-07 22:57:20,서울 영등포구,신입,학력무관,정규직,,"{""languages"": [], ""frameworks"": [], ""databases"": [], ""cloud"": [], ""tools"": []}",[],,,
강사,박하 영어학원,"2025년 중등영어강사 모집,주4일근무(월,화,목,금),오후4시~10시",https://www.saramin.co.kr/zf_user/jobs/relay/view?view_type=search&rec_idx=49518919&location=ts&searchword=%EA%B0%95%EC%82%AC&searchType=search&paid_fl=n&search_uuid=7fc1b5b2-b8da-45c7-993d-dc0fa9f09fc2,2024-12-07 22:57:24,대구 달서구,경력무관,초대졸↑,정규직·계약직,,"{""languages"": [], ""frameworks"": [], ""databases"": [], ""cloud"": [], ""tools"": []}",[],,,
강사,목동문예창작학원,문예창작(시·소설) 강사 모집 [정규직·주4일·연봉 4000 이상],https://www.saramin.co.kr/zf_user/jobs/relay/view?view_type=search&rec_idx=49512965&location=ts&searchword=%EA%B0%95%EC%82%AC&searchType=search&paid_fl=n&search_uuid=7fc1b5b2-b8da-45c7-993d-dc0fa9f09fc2,2024-12-07 22:57:26,서울 양천구,경력무관,초대졸↑,정규직,,"{""languages"": [], ""frameworks"": [], ""databases"": [], ""cloud"": [], ""tools"": []}",[],,,
강사,케이제이 국제어학당,초/중등 영어강사(대형 어학원/장기근속자 우대),https://www.saramin.co.kr/zf_user/jobs/relay/view?view_type=search&rec_idx=49329347&location=ts&searchword=%EA%B0%95%EC%82%AC&searchType=search&paid_fl=n&search_uuid=7fc1b5b2-b8da-45c7-993d-dc0fa9f09fc2,2024-12-07 22:57:31,부산 금정구,경력무관,대졸↑,정규직,,"{""languages"": [], ""frameworks"": [], ""databases"": [], ""cloud"": [], ""tools"": []}",[],,,
강사,서울특별시립보라매청소년센터,2025년 보라매청소년센터 전문 프로그램 강사 모집 공고,https://www.saramin.co.kr/zf_user/jobs/relay/view?view_type=search&rec_idx=49483967&location=ts&searchword=%EA%B0%95%EC%82%AC&searchType=search&paid_fl=n&search_uuid=7fc1b5b2-b8da-45c7-993d-dc0fa9f09fc2,2024-12-07 22:57:35,서울 동작구,경력무관,고졸↑,파트,,"{""languages"": [], ""frameworks"": [], ""databases"": [], ""cloud"": [], ""tools"": []}",[],,,
강사,풀짚공예박물관,[풀짚공예박물관] 2025년 박물관 교육프로그램 강사 모집 공고,https://www.saramin.co.kr/zf_user/jobs/relay/view?view_type=search&rec_idx=49525406&location=ts&searchword=%EA%B0%95%EC%82%AC&searchType=search&paid_fl=n&search_uuid=7fc1b5b2-b8da-45c7-993d-dc0fa9f09fc2,2024-12-07 22:57:39,경기 광주시,경력무관,학력무관,프리랜서,,"{""languages"": [], ""frameworks"": [], ""databases"": [], ""cloud"": [], ""tools"": []}",[],,,
강사,(주) 연세국제학원,초중등  영어강사 모집합니다.,https://www.saramin.co.kr/zf_user/jobs/relay/view?view_type=search&rec_idx=49525756&location=ts&searchword=%EA%B0%95%EC%82%AC&searchType=search&paid_fl=n&search_uuid=f590e4ee-5c89-4bc2-8723-515582ed2c77,2024-12-07 22:57:56,세종특별자치시,경력무관,대졸↑,정규직,,"{""languages"": [], ""frameworks"": [], ""databases"": [], ""cloud"": [], ""tools"": []}",[],,,
강사,이아이이(EiE)고려대학교영어교육프로그램송파석촌어학원,[영어강사] EiE고려대어학원 영어 전임강사 채용 공고,https://www.saramin.co.kr/zf_user/jobs/relay/view?view_type=search&rec_idx=49359928&location=ts&searchword=%EA%B0%95%EC%82%AC&searchType=search&paid_fl=n&search_uuid=f590e4ee-5c89-4bc2-8723-515582ed2c77,2024-12-07 22:57:59,서울 송파구,경력1년↑,대졸↑,정규직,,"{""languages"": [], ""frameworks"": [], ""databases"": [], ""cloud"": [], ""tools"": []}",[],,,
강사,리한에듀영어학원,"[영어 전임강사 채용]3,600~6,000만(성과급포함)",https://www.saramin.co.kr/zf_user/jobs/relay/view?view_type=search&rec_idx=49389312&location=ts&searchword=%EA%B0%95%EC%82%AC&searchType=search&paid_fl=n&search_uuid=f590e4ee-5c89-4bc2-8723-515582ed2c77,2024-12-07 22:58:03,경기 오산시,경력무관,학력무관,전임,,"{""languages"": [], ""frameworks"": [], ""databases"": [], ""cloud"": [], ""tools"": []}",[],,,
강사,레이나잉글리쉬학원,[레이나] 전임 영어 강사 모집,https://www.saramin.co.kr/zf_user/jobs/relay/view?view_type=search&rec_idx=49502229&location=ts&searchword=%EA%B0%95%EC%82%AC&searchType=search&paid_fl=n&search_uuid=f590e4ee-5c89-4bc2-8723-515582ed2c77,2024-12-07 22:58:06,대구 달서구,경력무관,대졸↑,프리랜서,,"{""languages"": [], ""frameworks"": [], ""databases"": [], ""cloud"": [], ""tools"": []}",[],,,
강사,(주)삼우에프앤지,[중견기업/정규직/삼성전자로지텍협력사] 삼우F&G CS강사 채용,https://www.saramin.co.kr/zf_user/jobs/relay/view?view_type=search&rec_idx=49489421&location=ts&searchword=%EA%B0%95%EC%82%AC&searchType=search&paid_fl=n&search_uuid=f590e4ee-5c89-4bc2-8723-515582ed2c77,2024-12-07 22:58:10,경기 화성시,경력무관,학력무관,정규직,,"{""languages"": [], ""frameworks"": [], ""databases"": [], ""cloud"": [], ""tools"": []}",[],,,
강사,위니드영어전문,[초.중등 파트강사 채용 / 전임강사 가능] 영어학원 강사채용,https://www.saramin.co.kr/zf_user/jobs/relay/view?view_type=search&rec_idx=49513609&location=ts&searchword=%EA%B0%95%EC%82%AC&searchType=search&paid_fl=n&search_uuid=f590e4ee-5c89-4bc2-8723-515582ed2c77,2024-12-07 22:58:14,부산 부산진구,경력2년↑,대졸↑,파트·프리랜서,,"{""languages"": [], ""frameworks"": [], ""databases"": [], ""cloud"": [], ""tools"": []}",[],,,
강사,오감플레이,대구지역 - 영유아놀이수업 문화센터 강사모집,https://www.saramin.co.kr/zf_user/jobs/relay/view?view_type=search&rec_idx=49528592&location=ts&searchword=%EA%B0%95%EC%82%AC&searchType=search&paid_fl=n&search_uuid=f590e4ee-5c89-4bc2-8723-515582ed2c77,2024-12-07 22:58:18,대구 서구,경력무관,고졸↑,프리랜서,,"{""languages"": [], ""frameworks"": [], ""databases"": [], ""cloud"": [], ""tools"": []}",[],,,
강사,진구링구아어학원,[진구 링구아어학원] 초중등 영어 강사채용.,https://www.saramin.co.kr/zf_user/jobs/relay/view?view_type=search&rec_idx=49510964&location=ts&searchword=%EA%B0%95%EC%82%AC&searchType=search&paid_fl=n&search_uuid=f590e4ee-5c89-4bc2-8723-515582ed2c77,2024-12-07 22:58:22,부산 부산진구,경력무관,대졸↑,정규직·프리랜서,,"{""languages"": [], ""frameworks"": [], ""databases"": [], ""cloud"": [], ""tools"": []}",[],,,
강사,비케이(BK)아카데미학원,사직동 영어강사를 초빙합니다.,https://www.saramin.co.kr/zf_user/jobs/relay/view?view_type=search&rec_idx=49529763&location=ts&searchword=%EA%B0%95%EC%82%AC&searchType=search&paid_fl=n&search_uuid=f590e4ee-5c89-4bc2-8723-515582ed2c77,2024-12-07 22:58:26,부산 동래구,신입·경력,학력무관,정규직,,"{""languages"": [], ""frameworks"": [], ""databases"": [], ""cloud"": [], ""tools"": []}",[],,,
강사,지니어스영어학원,영어학원 초중등 강사,https://www.saramin.co.kr/zf_user/jobs/relay/view?view_type=search&rec_idx=49535233&location=ts&searchword=%EA%B0%95%EC%82%AC&searchType=search&paid_fl=n&search_uuid=f590e4ee-5c89-4bc2-8723-515582ed2c77,2024-12-07 22:58:30,부산 부산진구,경력무관,대졸↑,계약직,,"{""languages"": [], ""frameworks"": [], ""databases"": [], ""cloud"": [], ""tools"": []}",[],,,
강사,3030영어어학원,3030영어 어학원 초중등부 전임강사 모집,https://www.saramin.co.kr/zf_user/jobs/relay/view?view_type=search&rec_idx=49543014&location=ts&searchword=%EA%B0%95%EC%82%AC&searchType=search&paid_fl=n&search_uuid=f590e4ee-5c89-4bc2-8723-515582ed2c77,2024-12-07 22:58:34,부산 해운대구,신입·경력,대졸↑,전임·계약직,,"{""languages"": [], ""frameworks"": [], ""databases"": [], ""cloud"": [], ""tools"": []}",[],,,
강사,입시 란샘영어학원,급구)초중  영어 내신 강사 경력사원 채용(정규직),https://www.saramin.co.kr/zf_user/jobs/relay/view?view_type=search&rec_idx=49544803&location=ts&searchword=%EA%B0%95%EC%82%AC&searchType=search&paid_fl=n&search_uuid=f590e4ee-5c89-4bc2-8723-515582ed2c77,2024-12-07 22:58:37,부산 해운대구,경력 1~13년,초대졸↑,정규직,,"{""languages"": [], ""frameworks"": [], ""databases"": [], ""cloud"": [], ""tools"": []}",[],,,
강사,리체움영어학원,영어 강사 또는 학습 관리자 모집,https://www.saramin.co.kr/zf_user/jobs/relay/view?view_type=search&rec_idx=49545427&location=ts&searchword=%EA%B0%95%EC%82%AC&searchType=search&paid_fl=n&search_uuid=f590e4ee-5c89-4bc2-8723-515582ed2c77,2024-12-07 22:58:41,부산 부산진구,경력무관,대졸↑,프리랜서,,"{""languages"": [], ""frameworks"": [], ""databases"": [], ""cloud"": [], ""tools"": []}",[],,,
강사,AQUVEST LANGUAGE TRAINING,"[해외 두바이] 초등,중등 수학 강사 채용",https://www.saramin.co.kr/zf_user/jobs/relay/view?view_type=search&rec_idx=49161763&location=ts&searchword=%EA%B0%95%EC%82%AC&searchType=search&paid_fl=n&search_uuid=f590e4ee-5c89-4bc2-8723-515582ed2c77,2024-12-07 22:58:44,아시아·중동 아랍에미레이트연합국,경력1년↑,학력무관,파트·전임,,"{""languages"": [], ""frameworks"": [], ""databases"": [], ""cloud"": [], ""tools"": []}",[],,,
강사,에스엠서치플러스(주),연산역 [평일근무] LG전자 고객센터 관리자채용 (QA강사) -U30,https://www.saramin.co.kr/zf_user/jobs/relay/view?view_type=search&rec_idx=49539621&location=ts&searchword=%EA%B0%95%EC%82%AC&searchType=search&paid_fl=n&search_uuid=f590e4ee-5c89-4bc2-8723-515582ed2c77,2024-12-07 22:58:48,부산 연제구,경력무관,학력무관,정규직·아르바이트,,"{""languages"": [], ""frameworks"": [], ""databases"": [], ""cloud"": [], ""tools"": []}",[],,,
강사,파머스어학원,[코칭강사] 안내 데스크 채용 공고,https://www.saramin.co.kr/zf_user/jobs/relay/view?view_type=search&rec_idx=49537400&location=ts&searchword=%EA%B0%95%EC%82%AC&searchType=search&paid_fl=n&search_uuid=f590e4ee-5c89-4bc2-8723-515582ed2c77,2024-12-07 22:58:51,충북 청주시 흥덕구,경력무관,고졸↑,무기계약직·계약직,,"{""languages"": [], ""frameworks"": [], ""databases"": [], ""cloud"": [], ""tools"": []}",[],,,
강사,(주)트랜스코스모스코리아,[QA&강사/평일] 카카오 고객센터 품질관리&교육담당자 MFa8,https://www.saramin.co.kr/zf_user/jobs/relay/view?view_type=search&rec_idx=49354608&location=ts&searchword=%EA%B0%95%EC%82%AC&searchType=search&paid_fl=n&search_uuid=f590e4ee-5c89-4bc2-8723-515582ed2c77,2024-12-07 22:58:54,서울 관악구,경력,고졸↑,정규직,,"{""languages"": [], ""frameworks"": [], ""databases"": [], ""cloud"": [], ""tools"": []}",[],,,
강사,(주)현대그린푸드,[경기 용인] CS강사(교육 기획담당) 경력 모집,https://www.saramin.co.kr/zf_user/jobs/relay/view?view_type=search&rec_idx=49493441&location=ts&searchword=%EA%B0%95%EC%82%AC&searchType=search&paid_fl=n&search_uuid=f590e4ee-5c89-4bc2-8723-515582ed2c77,2024-12-07 22:58:58,경기 용인시 수지구,경력,초대졸↑,계약직,,"{""languages"": [], ""frameworks"": [], ""databases"": [], ""cloud"": [], ""tools"": []}",[],,,
강사,(주)아이비에스인더스트리,(주)아이비에스인더스트리 본사 정규직 CS교육강사(신입/경력),https://www.saramin.co.kr/zf_user/jobs/relay/view?view_type=search&rec_idx=49289467&location=ts&searchword=%EA%B0%95%EC%82%AC&searchType=search&paid_fl=n&search_uuid=f590e4ee-5c89-4bc2-8723-515582ed2c77,2024-12-07 22:59:02,서울 강남구,경력무관,초대졸↑,정규직,,"{""languages"": [], ""frameworks"": [], ""databases"": [], ""cloud"": [], ""tools"": []}",[],,,
강사,(주)크레버스,[크레버스]CMS 초·중·고등 수학강사 채용(급여 업계 평균이상),https://www.saramin.co.kr/zf_user/jobs/relay/view?view_type=search&rec_idx=49234548&location=ts&searchword=%EA%B0%95%EC%82%AC&searchType=search&paid_fl=n&search_uuid=f590e4ee-5c89-4bc2-8723-515582ed2c77,2024-12-07 22:59:05,서울 강남구,경력무관,대졸↑,파트·프리랜서,,"{""languages"": [], ""frameworks"": [], ""databases"": [], ""cloud"": [], ""tools"": []}",[],,,
강사,(주)크레버스,[CMS에듀] 관악 센터 수학/과학 강사 채용,https://www.saramin.co.kr/zf_user/jobs/relay/view?view_type=search&rec_idx=49356629&location=ts&searchword=%EA%B0%95%EC%82%AC&searchType=search&paid_fl=n&search_uuid=f590e4ee-5c89-4bc2-8723-515582ed2c77,2024-12-07 22:59:10,서울 관악구,경력무관,학력무관,전임·계약직,,"{""languages"": [], ""frameworks"": [], ""databases"": [], ""cloud"": [], ""tools"": []}",[],,,
강사,(주)멀티캠퍼스,"삼성전자 전자상품/CS 강사 채용 (계약직, 서울)",https://www.saramin.co.kr/zf_user/jobs/relay/view?view_type=search&rec_idx=49509748&location=ts&searchword=%EA%B0%95%EC%82%AC&searchType=search&paid_fl=n&search_uuid=f590e4ee-5c89-4bc2-8723-515582ed2c77,2024-12-07 22:59:13,서울 강남구,경력,초대졸↑,계약직,,"{""languages"": [], ""frameworks"": [], ""databases"": [], ""cloud"": [], ""tools"": []}",[],,,
강사,(주)멀티캠퍼스,"삼성전자 전자상품/CS 강사 채용 (계약직, 대구 & 대전)",https://www.saramin.co.kr/zf_user/jobs/relay/view?view_type=search&rec_idx=49537398&location=ts&searchword=%EA%B0%95%EC%82%AC&searchType=search&paid_fl=n&search_uuid=f590e4ee-5c89-4bc2-8723-515582ed2c77,2024-12-07 22:59:16,대전 서구,경력,초대졸↑,계약직,,"{""languages"": [], ""frameworks"": [], ""databases"": [], ""cloud"": [], ""tools"": []}",[],,,
강사,(주)폴리인스퍼레이션,CANB어학원 직영점 채용 (원장/교수부장/한국인강사/운영팀장),https://www.saramin.co.kr/zf_user/jobs/relay/view?view_type=search&rec_idx=49463170&location=ts&searchword=%EA%B0%95%EC%82%AC&searchType=search&paid_fl=n&search_uuid=f590e4ee-5c89-4bc2-8723-515582ed2c77,2024-12-07 22:59:19,서울 송파구,경력무관,초대졸↑,기간제·계약직,,"{""languages"": [], ""frameworks"": [], ""databases"": [], ""cloud"": [], ""tools"": []}",[],,,
강사,(주)폴리인스퍼레이션,CANB어학원 일산식사점 채용 (교수부장/운영팀장/한국인강사),https://www.saramin.co.kr/zf_user/jobs/relay/view?view_type=search&rec_idx=49483772&location=ts&searchword=%EA%B0%95%EC%82%AC&searchType=search&paid_fl=n&search_uuid=f590e4ee-5c89-4bc2-8723-515582ed2c77,2024-12-07 22:59:23,경기 고양시 일산동구,경력무관,대졸↑,정규직·기간제,,"{""languages"": [], ""frameworks"": [], ""databases"": [], ""cloud"": [], ""tools"": []}",[],,,
강사,(주)케이지에듀원,[KG에듀원] 강사영입/대외관리/학원운영 담당자 채용,https://www.saramin.co.kr/zf_user/jobs/relay/view?view_type=search&rec_idx=49516594&location=ts&searchword=%EA%B0%95%EC%82%AC&searchType=search&paid_fl=n&search_uuid=f590e4ee-5c89-4bc2-8723-515582ed2c77,2024-12-07 22:59:27,서울 동작구,경력4년↑,초대졸↑,정규직,,"{""languages"": [], ""frameworks"": [], ""databases"": [], ""cloud"": [], ""tools"": []}",[],,,
강사,(주)로보티즈,전국 늘봄 방과후 초등학교 소재 강사 구인,https://www.saramin.co.kr/zf_user/jobs/relay/view?view_type=search&rec_idx=49119516&location=ts&searchword=%EA%B0%95%EC%82%AC&searchType=search&paid_fl=n&search_uuid=f590e4ee-5c89-4bc2-8723-515582ed2c77,2024-12-07 22:59:30,서울 강서구,경력무관,학력무관,프리랜서,,"{""languages"": [], ""frameworks"": [], ""databases"": [], ""cloud"": [], ""tools"": []}",[],,,
강사,(주)고려아카데미컨설팅,문화 예술 강사를 모집합니다.,https://www.saramin.co.kr/zf_user/jobs/relay/view?view_type=search&rec_idx=49457712&location=ts&searchword=%EA%B0%95%EC%82%AC&searchType=search&paid_fl=n&search_uuid=f590e4ee-5c89-4bc2-8723-515582ed2c77,2024-12-07 22:59:33,서울 금천구,경력무관,초대졸↑,프리랜서,,"{""languages"": [], ""frameworks"": [], ""databases"": [], ""cloud"": [], ""tools"": []}",[],,,
강사,(주)고려아카데미컨설팅,"심리, 스트레스관리, 힐링, 치유 교육 기획 및 강사를 모십니다.",https://www.saramin.co.kr/zf_user/jobs/relay/view?view_type=search&rec_idx=49457733&location=ts&searchword=%EA%B0%95%EC%82%AC&searchType=search&paid_fl=n&search_uuid=f590e4ee-5c89-4bc2-8723-515582ed2c77,2024-12-07 22:59:37,서울 금천구,경력무관,초대졸↑,프리랜서,,"{""languages"": [], ""frameworks"": [], ""databases"": [], ""cloud"": [], ""tools"": []}",[],,,
강사,(주)타임교육,[수학교육] 유치초등부 사고력수학 학원 강사 채용,https://www.saramin.co.kr/zf_user/jobs/relay/view?view_type=search&rec_idx=49446474&location=ts&searchword=%EA%B0%95%EC%82%AC&searchType=search&paid_fl=n&search_uuid=f590e4ee-5c89-4bc2-8723-515582ed2c77,2024-12-07 22:59:42,부산 동래구,경력무관,대졸↑,전임,,"{""languages"": [], ""frameworks"": [], ""databases"": [], ""cloud"": [], ""tools"": []}",[],,,
강사,디지털서울문화예술대학교,디지털서울문화예술대학교 비교과프로그램 온라인 강사 채용,https://www.saramin.co.kr/zf_user/jobs/relay/view?view_type=search&rec_idx=49482040&location=ts&searchword=%EA%B0%95%EC%82%AC&searchType=search&paid_fl=n&search_uuid=f590e4ee-5c89-4bc2-8723-515582ed2c77,2024-12-07 22:59:46,서울 서대문구,경력3년↑,대졸↑,프리랜서,,"{""languages"": [], ""frameworks"": [], ""databases"": [], ""cloud"": [], ""tools"": []}",[],,,
강사,(주)미래엔에듀케어,아담리즈수학 부산명지 신규 센터 유초등 사고력수학강사 모집,https://www.saramin.co.kr/zf_user/jobs/relay/view?view_type=search&rec_idx=49529735&location=ts&searchword=%EA%B0%95%EC%82%AC&searchType=search&paid_fl=n&search_uuid=f590e4ee-5c89-4bc2-8723-515582ed2c77,2024-12-07 22:59:48,부산 강서구,경력무관,초대졸↑,정규직·계약직,,"{""languages"": [], ""frameworks"": [], ""databases"": [], ""cloud"": [], ""tools"": []}",[],,,
강사,하이엠솔루텍(주),[정규직] CS강사 모집,https://www.saramin.co.kr/zf_user/jobs/relay/view?view_type=search&rec_idx=49530491&location=ts&searchword=%EA%B0%95%EC%82%AC&searchType=search&paid_fl=n&search_uuid=f590e4ee-5c89-4bc2-8723-515582ed2c77,2024-12-07 22:59:51,서울 강서구,경력3년↑,초대졸↑,정규직,,"{""languages"": [], ""frameworks"": [], ""databases"": [], ""cloud"": [], ""tools"": []}",[],,,
강사,(주)뷰티르샤,MBC미용학원 영등포지점 [메이크업/국가자격증강사] 정규직 채용,https://www.saramin.co.kr/zf_user/jobs/relay/view?view_type=search&rec_idx=49531061&location=ts&searchword=%EA%B0%95%EC%82%AC&searchType=search&paid_fl=n&search_uuid=f590e4ee-5c89-4bc2-8723-515582ed2c77,2024-12-07 22:59:54,서울 영등포구,신입·경력,초대졸↑,정규직,,"{""languages"": [], ""frameworks"": [], ""databases"": [], ""cloud"": [], ""tools"": []}",[],,,
강사,(주)에듀서브,[민트영어] 북미영어강사 관리자 채용,https://www.saramin.co.kr/zf_user/jobs/relay/view?view_type=search&rec_idx=49270278&location=ts&searchword=%EA%B0%95%EC%82%AC&searchType=search&paid_fl=n&search_uuid=f590e4ee-5c89-4bc2-8723-515582ed2c77,2024-12-07 22:59:58,서울 구로구,신입·경력,초대졸↑,정규직·계약직,,"{""languages"": [], ""frameworks"": [], ""databases"": [], ""cloud"": [], ""tools"": []}",[],,,
강사,한경국립대학교산학협력단,안성시세계언어센터 시간제 강사 인력풀 등재 모집,https://www.saramin.co.kr/zf_user/jobs/relay/view?view_type=search&rec_idx=49382725&location=ts&searchword=%EA%B0%95%EC%82%AC&searchType=search&paid_fl=n&search_uuid=f590e4ee-5c89-4bc2-8723-515582ed2c77,2024-12-07 23:00:01,경기 안성시,신입·경력,대졸↑,프리랜서,,"{""languages"": [], ""frameworks"": [], ""databases"": [], ""cloud"": [], ""tools"": []}",[],,,
강사,(주)올림피아드교육,"[올림피아드교육]하베르만 대치 유,초등 사고력수학 강사모집",https://www.saramin.co.kr/zf_user/jobs/relay/view?view_type=search&rec_idx=49432561&location=ts&searchword=%EA%B0%95%EC%82%AC&searchType=search&paid_fl=n&search_uuid=f590e4ee-5c89-4bc2-8723-515582ed2c77,2024-12-07 23:00:05,서울 강남구,경력무관,대졸↑,정규직·파트,,"{""languages"": [], ""frameworks"": [], ""databases"": [], ""cloud"": [], ""tools"": []}",[],,,
강사,(주)하이컨시,[하이컨시] 컨텐츠 및 강사 기획 (성인 교육) 채용 (신입/경력),https://www.saramin.co.kr/zf_user/jobs/relay/view?view_type=search&rec_idx=49520354&location=ts&searchword=%EA%B0%95%EC%82%AC&searchType=search&paid_fl=n&search_uuid=f590e4ee-5c89-4bc2-8723-515582ed2c77,2024-12-07 23:00:08,서울 강남구,신입·경력,대졸↑,정규직,,"{""languages"": [], ""frameworks"": [], ""databases"": [], ""cloud"": [], ""tools"": []}",[],,,
강사,주식회사 라임에듀,"영어강사 (유치부,초등부)",https://www.saramin.co.kr/zf_user/jobs/relay/view?view_type=search&rec_idx=49206983&location=ts&searchword=%EA%B0%95%EC%82%AC&searchType=search&paid_fl=n&search_uuid=f590e4ee-5c89-4bc2-8723-515582ed2c77,2024-12-07 23:00:13,서울 광진구,경력무관,대졸↑,정규직·계약직,,"{""languages"": [], ""frameworks"": [], ""databases"": [], ""cloud"": [], ""tools"": []}",[],,,
강사,주식회사 라임에듀,영어 오전 파트 강사 (10:00~14:30),https://www.saramin.co.kr/zf_user/jobs/relay/view?view_type=search&rec_idx=49419673&location=ts&searchword=%EA%B0%95%EC%82%AC&searchType=search&paid_fl=n&search_uuid=f590e4ee-5c89-4bc2-8723-515582ed2c77,2024-12-07 23:00:16,서울 광진구,경력무관,초대졸↑,계약직,,"{""languages"": [], ""frameworks"": [], ""databases"": [], ""cloud"": [], ""tools"": []}",[],,,
강사,(주)한국교육평가원,2024년 하반기 콘텐츠 제작을 위한 강사님을 모십니다.,https://www.saramin.co.kr/zf_user/jobs/relay/view?view_type=search&rec_idx=49485175&location=ts&searchword=%EA%B0%95%EC%82%AC&searchType=search&paid_fl=n&search_uuid=de939854-31d5-496b-8b90-c952e23b4fae,2024-12-07 23:00:36,서울 금천구,경력무관,학력무관,위촉직,,"{""languages"": [], ""frameworks"": [], ""databases"": [], ""cloud"": [], ""tools"": []}",[],,,
강사,(주)네오아이즈,(주)네오아이즈 정규직 전문강사 채용[유플러스 경력자 우대],https://www.saramin.co.kr/zf_user/jobs/relay/view?view_type=search&rec_idx=49496645&location=ts&searchword=%EA%B0%95%EC%82%AC&searchType=search&paid_fl=n&search_uuid=de939854-31d5-496b-8b90-c952e23b4fae,2024-12-07 23:00:40,서울 구로구,경력1년↑,초대졸↑,정규직,,"{""languages"": [], ""frameworks"": [], ""databases"": [], ""cloud"": [], ""tools"": []}",[],,,
강사,(주)네오아이즈,(주)네오아이즈 정규직 전문강사 채용[신입/경력],https://www.saramin.co.kr/zf_user/jobs/relay/view?view_type=search&rec_idx=49496655&location=ts&searchword=%EA%B0%95%EC%82%AC&searchType=search&paid_fl=n&search_uuid=de939854-31d5-496b-8b90-c952e23b4fae,2024-12-07 23:00:45,서울 구로구,신입·경력,초대졸↑,정규직·계약직,,"{""languages"": [], ""frameworks"": [], ""databases"": [], ""cloud"": [], ""tools"": []}",[],,,
강사,(주)한국교육평가원,[강사모집] 신규과정 촬영 강사님을 모집합니다.,https://www.saramin.co.kr/zf_user/jobs/relay/view?view_type=search&rec_idx=49503870&location=ts&searchword=%EA%B0%95%EC%82%AC&searchType=search&paid_fl=n&search_uuid=de939854-31d5-496b-8b90-c952e23b4fae,2024-12-07 23:00:48,서울 금천구,경력무관,대졸↑,위촉직,,"{""languages"": [], ""frameworks"": [], ""databases"": [], ""cloud"": [], ""tools"": []}",[],,,
강사,(주)한국교육평가원,"[강사모집] 온라인 촬영 강사님을 모집합니다.(상담, 바리스타)",https://www.saramin.co.kr/zf_user/jobs/relay/view?view_type=search&rec_idx=49503852&location=ts&searchword=%EA%B0%95%EC%82%AC&searchType=search&paid_fl=n&search_uuid=de939854-31d5-496b-8b90-c952e23b4fae,2024-12-07 23:00:51,서울 금천구,경력무관,대졸↑,위촉직,,"{""languages"": [], ""frameworks"": [], ""databases"": [], ""cloud"": [], ""tools"": []}",[],,,
강사,(주)한국교육평가원,[강사모집] 공간정리/가사/청소분야 온라인 교육과정 강사모집,https://www.saramin.co.kr/zf_user/jobs/relay/view?view_type=search&rec_idx=49541873&location=ts&searchword=%EA%B0%95%EC%82%AC&searchType=search&paid_fl=n&search_uuid=de939854-31d5-496b-8b90-c952e23b4fae,2024-12-07 23:00:55,서울 금천구,경력무관,대졸↑,위촉직,,"{""languages"": [], ""frameworks"": [], ""databases"": [], ""cloud"": [], ""tools"": []}",[],,,
강사,(주)에스제이더블유인터내셔널,[시원스쿨] 아시아어(일본/베트남/인도네시아) 강사 채용,https://www.saramin.co.kr/zf_user/jobs/relay/view?view_type=search&rec_idx=49188912&location=ts&searchword=%EA%B0%95%EC%82%AC&searchType=search&paid_fl=n&search_uuid=de939854-31d5-496b-8b90-c952e23b4fae,2024-12-07 23:00:59,서울 영등포구,경력무관,대졸↑,계약직·프리랜서,,"{""languages"": [], ""frameworks"": [], ""databases"": [], ""cloud"": [], ""tools"": []}",[],,,
강사,(주)에스제이더블유인터내셔널,[시원스쿨] 영어(실용영어/기초영어 등) 강사 채용,https://www.saramin.co.kr/zf_user/jobs/relay/view?view_type=search&rec_idx=49188934&location=ts&searchword=%EA%B0%95%EC%82%AC&searchType=search&paid_fl=n&search_uuid=de939854-31d5-496b-8b90-c952e23b4fae,2024-12-07 23:01:03,서울 영등포구,경력무관,대졸↑,계약직·프리랜서,,"{""languages"": [], ""frameworks"": [], ""databases"": [], ""cloud"": [], ""tools"": []}",[],,,
강사,호호에듀(주),독서 논술 한자 강사 파트타임 선생님 모집 (대구 달서구),https://www.saramin.co.kr/zf_user/jobs/relay/view?view_type=search&rec_idx=49437667&location=ts&searchword=%EA%B0%95%EC%82%AC&searchType=search&paid_fl=n&search_uuid=de939854-31d5-496b-8b90-c952e23b4fae,2024-12-07 23:01:06,대구 달서구,경력무관,대졸↑,파트,,"{""languages"": [], ""frameworks"": [], ""databases"": [], ""cloud"": [], ""tools"": []}",[],,,
강사,주식회사 더나아짐,특수 체육 및 유아 스포츠 강사 모집합니다.,https://www.saramin.co.kr/zf_user/jobs/relay/view?view_type=search&rec_idx=49494246&location=ts&searchword=%EA%B0%95%EC%82%AC&searchType=search&paid_fl=n&search_uuid=de939854-31d5-496b-8b90-c952e23b4fae,2024-12-07 23:01:10,부산 동래구,경력1년↑,초대졸↑,정규직,,"{""languages"": [], ""frameworks"": [], ""databases"": [], ""cloud"": [], ""tools"": []}",[],,,
강사,아자스쿨(주),[전국]지역별 교육 프로그램 운영 프리랜서 강사 모집,https://www.saramin.co.kr/zf_user/jobs/relay/view?view_type=search&rec_idx=49529767&location=ts&searchword=%EA%B0%95%EC%82%AC&searchType=search&paid_fl=n&search_uuid=de939854-31d5-496b-8b90-c952e23b4fae,2024-12-07 23:01:14,서울 마포구,경력3년↑,학력무관,프리랜서,,"{""languages"": [], ""frameworks"": [], ""databases"": [], ""cloud"": [], ""tools"": []}",[],,,
강사,(학)창신대학교,창신대학교 한국어교육센터 교육강사 채용 공고,https://www.saramin.co.kr/zf_user/jobs/relay/view?view_type=search&rec_idx=49378271&location=ts&searchword=%EA%B0%95%EC%82%AC&searchType=search&paid_fl=n&search_uuid=de939854-31d5-496b-8b90-c952e23b4fae,2024-12-07 23:01:17,경남 창원시,신입·경력,대졸↑,기간제·계약직,,"{""languages"": [], ""frameworks"": [], ""databases"": [], ""cloud"": [], ""tools"": []}",[],,,
강사,시스랩코퍼레이션(주),화장품 교육팀 교육강사 (에스테틱 화장품) 경력직 채용,https://www.saramin.co.kr/zf_user/jobs/relay/view?view_type=search&rec_idx=49529134&location=ts&searchword=%EA%B0%95%EC%82%AC&searchType=search&paid_fl=n&search_uuid=de939854-31d5-496b-8b90-c952e23b4fae,2024-12-07 23:01:20,서울 강서구,경력,고졸↑,정규직,,"{""languages"": [], ""frameworks"": [], ""databases"": [], ""cloud"": [], ""tools"": []}",[],,,
강사,주식회사치키토스포츠,유아체육 정직원 강사 채용,https://www.saramin.co.kr/zf_user/jobs/relay/view?view_type=search&rec_idx=49446016&location=ts&searchword=%EA%B0%95%EC%82%AC&searchType=search&paid_fl=n&search_uuid=de939854-31d5-496b-8b90-c952e23b4fae,2024-12-07 23:01:24,경기 고양시 일산서구,신입·경력,고졸↑,정규직,,"{""languages"": [], ""frameworks"": [], ""databases"": [], ""cloud"": [], ""tools"": []}",[],,,
강사,(주)포스에듀,초/중 영어 강사 모집 [주5일 근무],https://www.saramin.co.kr/zf_user/jobs/relay/view?view_type=search&rec_idx=49469458&location=ts&searchword=%EA%B0%95%EC%82%AC&searchType=search&paid_fl=n&search_uuid=de939854-31d5-496b-8b90-c952e23b4fae,2024-12-07 23:01:28,경기 용인시 수지구,경력 3~5년,대졸↑,정규직,,"{""languages"": [], ""frameworks"": [], ""databases"": [], ""cloud"": [], ""tools"": []}",[],,,
강사,템프인(주),[강남/연봉협의/정규직/영어/신입O]외국인 강사관리,https://www.saramin.co.kr/zf_user/jobs/relay/view?view_type=search&rec_idx=49525056&location=ts&searchword=%EA%B0%95%EC%82%AC&searchType=search&paid_fl=n&search_uuid=de939854-31d5-496b-8b90-c952e23b4fae,2024-12-07 23:01:32,서울 강남구,경력무관,대졸↑,계약직,,"{""languages"": [], ""frameworks"": [], ""databases"": [], ""cloud"": [], ""tools"": []}",[],,,
강사,(주)밸류링크코리아,[종로/2개월] 유명 IT교육기업 프론트엔드 보조강사 채용,https://www.saramin.co.kr/zf_user/jobs/relay/view?view_type=search&rec_idx=49542662&location=ts&searchword=%EA%B0%95%EC%82%AC&searchType=search&paid_fl=n&search_uuid=de939854-31d5-496b-8b90-c952e23b4fae,2024-12-07 23:01:35,서울 종로구,경력1년↑,고졸↑,계약직,,"{""languages"": [], ""frameworks"": [], ""databases"": [], ""cloud"": [], ""tools"": []}",[],,,
강사,(주)이언에듀케이션,동탄1 초중고 영어전임강사 모집,https://www.saramin.co.kr/zf_user/jobs/relay/view?view_type=search&rec_idx=48408113&location=ts&searchword=%EA%B0%95%EC%82%AC&searchType=search&paid_fl=n&search_uuid=de939854-31d5-496b-8b90-c952e23b4fae,2024-12-07 23:01:40,경기 화성시,신입·경력,대졸↑,정규직·전임,,"{""languages"": [], ""frameworks"": [], ""databases"": [], ""cloud"": [], ""tools"": []}",[],,,
강사,(주)이언에듀케이션,영통·광교 초중고 영어전임강사 모집,https://www.saramin.co.kr/zf_user/jobs/relay/view?view_type=search&rec_idx=48408153&location=ts&searchword=%EA%B0%95%EC%82%AC&searchType=search&paid_fl=n&search_uuid=de939854-31d5-496b-8b90-c952e23b4fae,2024-12-07 23:01:43,경기 수원시 영통구,신입·경력,대졸↑,정규직·전임,,"{""languages"": [], ""frameworks"": [], ""databases"": [], ""cloud"": [], ""tools"": []}",[],,,
강사,(주)명인에듀,"고등 수학, 영어 강사 모집 신입/경력 채용",https://www.saramin.co.kr/zf_user/jobs/relay/view?view_type=search&rec_idx=49191729&location=ts&searchword=%EA%B0%95%EC%82%AC&searchType=search&paid_fl=n&search_uuid=de939854-31d5-496b-8b90-c952e23b4fae,2024-12-07 23:01:47,부산 동래구,경력무관,대졸↑,프리랜서,,"{""languages"": [], ""frameworks"": [], ""databases"": [], ""cloud"": [], ""tools"": []}",[],,,
강사,(주)이언에듀케이션,[단독] 이언어학원 영통관 중고등 영어전임강사 大모집,https://www.saramin.co.kr/zf_user/jobs/relay/view?view_type=search&rec_idx=49225990&location=ts&searchword=%EA%B0%95%EC%82%AC&searchType=search&paid_fl=n&search_uuid=de939854-31d5-496b-8b90-c952e23b4fae,2024-12-07 23:01:49,경기 수원시 영통구,신입·경력,대졸↑,정규직·전임,,"{""languages"": [], ""frameworks"": [], ""databases"": [], ""cloud"": [], ""tools"": []}",[],,,
강사,(주)심슨교육,"심슨어학원 초,중등부 영어강사 채용",https://www.saramin.co.kr/zf_user/jobs/relay/view?view_type=search&rec_idx=49438620&location=ts&searchword=%EA%B0%95%EC%82%AC&searchType=search&paid_fl=n&search_uuid=de939854-31d5-496b-8b90-c952e23b4fae,2024-12-07 23:01:53,서울 광진구,경력무관,대졸↑,정규직·계약직,,"{""languages"": [], ""frameworks"": [], ""databases"": [], ""cloud"": [], ""tools"": []}",[],,,
강사,(사)한국디지털컨버전스협회,온라인 강의 강사 모집,https://www.saramin.co.kr/zf_user/jobs/relay/view?view_type=search&rec_idx=49450318&location=ts&searchword=%EA%B0%95%EC%82%AC&searchType=search&paid_fl=n&search_uuid=de939854-31d5-496b-8b90-c952e23b4fae,2024-12-07 23:01:57,서울 영등포구,경력3년↑,학력무관,프리랜서,,"{""languages"": [], ""frameworks"": [], ""databases"": [], ""cloud"": [], ""tools"": []}",[],,,
강사,(사)한국반도체산업협회,(화학안전교육센터)유해화학물질 안전교육 강사 채용,https://www.saramin.co.kr/zf_user/jobs/relay/view?view_type=search&rec_idx=49443467&location=ts&searchword=%EA%B0%95%EC%82%AC&searchType=search&paid_fl=n&search_uuid=de939854-31d5-496b-8b90-c952e23b4fae,2024-12-07 23:02:00,경기 성남시 분당구,경력,대졸↑,기간제·계약직,,"{""languages"": [], ""frameworks"": [], ""databases"": [], ""cloud"": [], ""tools"": []}",[],,,
강사,(주)캐럿솔루션즈,[당근영어] 전화/화상 영어 강사 채용 (원격근무),https://www.saramin.co.kr/zf_user/jobs/relay/view?view_type=search&rec_idx=49487500&location=ts&searchword=%EA%B0%95%EC%82%AC&searchType=search&paid_fl=n&search_uuid=de939854-31d5-496b-8b90-c952e23b4fae,2024-12-07 23:02:03,서울 서초구,경력무관,대졸↑,프리랜서,,"{""languages"": [], ""frameworks"": [], ""databases"": [], ""cloud"": [], ""tools"": []}",[],,,
강사,(주)스프레틱스,[코딩온] SW / 코딩 강사 경력직 채용,https://www.saramin.co.kr/zf_user/jobs/relay/view?view_type=search&rec_idx=49423798&location=ts&searchword=%EA%B0%95%EC%82%AC&searchType=search&paid_fl=n&search_uuid=de939854-31d5-496b-8b90-c952e23b4fae,2024-12-07 23:02:06,서울 마포구,경력1년↑,대졸↑,계약직,,"{""languages"": [], ""frameworks"": [], ""databases"": [], ""cloud"": [], ""tools"": []}",[],,,
강사,(주)사비오,폴리 (POLY) 어학원 동래 - 초등부 강사 구인,https://www.saramin.co.kr/zf_user/jobs/relay/view?view_type=search&rec_idx=49456183&location=ts&searchword=%EA%B0%95%EC%82%AC&searchType=search&paid_fl=n&search_uuid=de939854-31d5-496b-8b90-c952e23b4fae,2024-12-07 23:02:10,부산 동래구,경력 1~20년,초대졸↑,정규직,,"{""languages"": [], ""frameworks"": [], ""databases"": [], ""cloud"": [], ""tools"": []}",[],,,
강사,(사)대한안전문화협회,관리책임자교육 등 안전강사(월 14일 근무),https://www.saramin.co.kr/zf_user/jobs/relay/view?view_type=search&rec_idx=49250899&location=ts&searchword=%EA%B0%95%EC%82%AC&searchType=search&paid_fl=n&search_uuid=de939854-31d5-496b-8b90-c952e23b4fae,2024-12-07 23:02:13,광주 북구,경력7년↑,대졸↑,정규직,,"{""languages"": [], ""frameworks"": [], ""databases"": [], ""cloud"": [], ""tools"": []}",[],,,
강사,(사)대한안전문화협회,관리책임자교육 등 보건강사(월 14일 근무),https://www.saramin.co.kr/zf_user/jobs/relay/view?view_type=search&rec_idx=49250901&location=ts&searchword=%EA%B0%95%EC%82%AC&searchType=search&paid_fl=n&search_uuid=de939854-31d5-496b-8b90-c952e23b4fae,2024-12-07 23:02:16,광주 북구,경력7년↑,대졸↑,정규직,,"{""languages"": [], ""frameworks"": [], ""databases"": [], ""cloud"": [], ""tools"": []}",[],,,
강사,(주)파인만,분당파인만교육(분당/수지) 수학/과학/입시 강사,https://www.saramin.co.kr/zf_user/jobs/relay/view?view_type=search&rec_idx=49401575&location=ts&searchword=%EA%B0%95%EC%82%AC&searchType=search&paid_fl=n&search_uuid=de939854-31d5-496b-8b90-c952e23b4fae,2024-12-07 23:02:21,경기 성남시 분당구,경력무관,대졸↑,정규직,,"{""languages"": [], ""frameworks"": [], ""databases"": [], ""cloud"": [], ""tools"": []}",[],,,
강사,(주)다락원,"온라인 강의 영어 강사 (성인 대상, 초급, 중급, 회화, 인강)",https://www.saramin.co.kr/zf_user/jobs/relay/view?view_type=search&rec_idx=49467283&location=ts&searchword=%EA%B0%95%EC%82%AC&searchType=search&paid_fl=n&search_uuid=de939854-31d5-496b-8b90-c952e23b4fae,2024-12-07 23:02:24,서울 마포구,경력무관,대졸↑,프리랜서,,"{""languages"": [], ""frameworks"": [], ""databases"": [], ""cloud"": [], ""tools"": []}",[],,,
강사,(주)에스엘피외국어학원,수원 SLP영어학원 3월 신학기 초중등 강사를 모십니다,https://www.saramin.co.kr/zf_user/jobs/relay/view?view_type=search&rec_idx=49543620&location=ts&searchword=%EA%B0%95%EC%82%AC&searchType=search&paid_fl=n&search_uuid=de939854-31d5-496b-8b90-c952e23b4fae,2024-12-07 23:02:29,경기 수원시 영통구,경력1년↑,초대졸↑,정규직·전임,,"{""languages"": [], ""frameworks"": [], ""databases"": [], ""cloud"": [], ""tools"": []}",[],,,
강사,"(주)지식파워21, 지식파워능력개발원",직업상담사 2급  강사 (직업훈련기관),https://www.saramin.co.kr/zf_user/jobs/relay/view?view_type=search&rec_idx=49362562&location=ts&searchword=%EA%B0%95%EC%82%AC&searchType=search&paid_fl=n&search_uuid=de939854-31d5-496b-8b90-c952e23b4fae,2024-12-07 23:02:32,대구 수성구,경력무관,학력무관,정규직·계약직,,"{""languages"": [], ""frameworks"": [], ""databases"": [], ""cloud"": [], ""tools"": []}",[],,,
강사,(주)케이에이치정보교육원,KH정보교육원 부산지원 2024년 경력직 자바(JAVA)강사 채용 공고,https://www.saramin.co.kr/zf_user/jobs/relay/view?view_type=search&rec_idx=49274357&location=ts&searchword=%EA%B0%95%EC%82%AC&searchType=search&paid_fl=n&search_uuid=de939854-31d5-496b-8b90-c952e23b4fae,2024-12-07 23:02:36,부산 부산진구,경력무관,초대졸↑,정규직·전임,,"{""languages"": [], ""frameworks"": [], ""databases"": [], ""cloud"": [], ""tools"": []}",[],,,
강사,(주)독서문화연구원,논술화랑학원 독서논술 선생님(강사) 모십니다,https://www.saramin.co.kr/zf_user/jobs/relay/view?view_type=search&rec_idx=49284237&location=ts&searchword=%EA%B0%95%EC%82%AC&searchType=search&paid_fl=n&search_uuid=de939854-31d5-496b-8b90-c952e23b4fae,2024-12-07 23:02:40,서울 강남구,신입·경력,대졸↑,정규직·전임,,"{""languages"": [], ""frameworks"": [], ""databases"": [], ""cloud"": [], ""tools"": []}",[],,,
강사,더나은인재들(주),[더나은인재들] 한국어 강의 영상 촬영 외국인 강사 모집 공고,https://www.saramin.co.kr/zf_user/jobs/relay/view?view_type=search&rec_idx=49398276&location=ts&searchword=%EA%B0%95%EC%82%AC&searchType=search&paid_fl=n&search_uuid=de939854-31d5-496b-8b90-c952e23b4fae,2024-12-07 23:02:43,서울 강남구,경력무관,초대졸↑,프리랜서,,"{""languages"": [], ""frameworks"": [], ""databases"": [], ""cloud"": [], ""tools"": []}",[],,,
강사,(주)일공일랩,[재택/프리랜서] 비대면 일본어교육 프로그램 강사님 모집,https://www.saramin.co.kr/zf_user/jobs/relay/view?view_type=search&rec_idx=49403556&location=ts&searchword=%EA%B0%95%EC%82%AC&searchType=search&paid_fl=n&search_uuid=de939854-31d5-496b-8b90-c952e23b4fae,2024-12-07 23:02:48,서울 송파구,경력무관,학력무관,프리랜서,,"{""languages"": [], ""frameworks"": [], ""databases"": [], ""cloud"": [], ""tools"": []}",[],,,
강사,(주)노원에스엘피영어학원,"서강대 노원SLP 어학원 초,중등부 강사 모집 (2025년 3월 시작)",https://www.saramin.co.kr/zf_user/jobs/relay/view?view_type=search&rec_idx=49440999&location=ts&searchword=%EA%B0%95%EC%82%AC&searchType=search&paid_fl=n&search_uuid=de939854-31d5-496b-8b90-c952e23b4fae,2024-12-07 23:02:52,서울 노원구,신입·경력,초대졸↑,정규직,,"{""languages"": [], ""frameworks"": [], ""databases"": [], ""cloud"": [], ""tools"": []}",[],,,
강사,(주)에이치아카데미인재개발원,[에이치아카데미] 모션그래픽 / 영상콘텐츠제작 교강사,https://www.saramin.co.kr/zf_user/jobs/relay/view?view_type=search&rec_idx=49446580&location=ts&searchword=%EA%B0%95%EC%82%AC&searchType=search&paid_fl=n&search_uuid=de939854-31d5-496b-8b90-c952e23b4fae,2024-12-07 23:02:55,서울 서대문구,경력무관,학력무관,계약직·프리랜서,,"{""languages"": [], ""frameworks"": [], ""databases"": [], ""cloud"": [], ""tools"": []}",[],,,
강사,(주)지성의샘교육,[월평점] 초/중등부 수학강사 정규직 채용,https://www.saramin.co.kr/zf_user/jobs/relay/view?view_type=search&rec_idx=49438449&location=ts&searchword=%EA%B0%95%EC%82%AC&searchType=search&paid_fl=n&search_uuid=de939854-31d5-496b-8b90-c952e23b4fae,2024-12-07 23:02:58,대전 서구,경력무관,대졸↑,정규직,,"{""languages"": [], ""frameworks"": [], ""databases"": [], ""cloud"": [], ""tools"": []}",[],,,
